Name,Set,Type,Region,Energy,Rarity,Format
"""Ummm...NO!""",Awakening,Spell,Universal,4,Uncommon,
Ababila,Voice of the Storms,Creature,d'Resh,4,Uncommon,Restricted
Abaquist,Unlimited,Creature,Orothe,1,Uncommon,Restricted
Abger,Voice of the Storms,Magi,Bograth,12,Uncommon,Restricted
Abraxin's Crown,Dream's End,Relic,Cald,0,Uncommon,
Abwyn's Gift,Promo,Spell,Arderial,3,Limited,
Abwyn's Quill,Awakening,Relic,Arderial,0,Rare,
Adis,Unlimited,Magi,Arderial,15,Uncommon,
Aegris,Voice of the Storms,Creature,Nar,3,Uncommon,
Aerial Flist (AR),Nightmare's Dawn,Creature,Arderial/Paradwyn,3,Common,Restricted
Aerial Flist (PW),Nightmare's Dawn,Creature,Paradwyn/Arderial,3,Common,
Aglow,Dream's End,Spell,Underneath,2,Common,
Agovo,Unlimited,Creature,Underneath,4,Uncommon,Restricted
Agram,Awakening,Magi,Core,15,Rare,
Agram's Armor,Awakening,Relic,Core,0,Common,Restricted
Agram's Plaything,Dream's End,Relic,Core,0,Rare,Restricted
Agram's Staff,Dream's End,Relic,Core,2,Uncommon,Restricted
Agrilla,Dream's End,Creature,Kybar's Teeth,6,Common,Restricted
Ahdar,Dream's End,Magi,Weave,15,Uncommon,Restricted
Ahron,Voice of the Storms,Magi,d'Resh,13,Uncommon,Restricted
Ainjer,Nightmare's Dawn,Creature,Bograth,1,Uncommon,Restricted
Ainjer Swarm,Nightmare's Dawn,Spell,Bograth,1,Common,Restricted
Akkar (KT),Nightmare's Dawn,Creature,Kybar's Teeth/Underneath,6,Common,Restricted
Akkar (UD),Nightmare's Dawn,Creature,Underneath/Kybar's Teeth,6,Common,Restricted
Alaban,Unlimited,Creature,Arderial,6,Uncommon,Restricted
Alaban Gloves,Awakening,Relic,Arderial,0,Rare,Restricted
Alaban Kit,Dream's End,Creature,Arderial,2,Common,Restricted
All-High King Korg (BG),Nightmare's Dawn,Magi,Bograth/Core,24,Rare,
All-High King Korg (CR),Nightmare's Dawn,Magi,Core/Bograth,24,Rare,
Allio,Awakening,Creature,Orothe,6,Common,Restricted
Alpine Xamf (KT),Nightmare's Dawn,Creature,Kybar's Teeth/Naroom,6,Rare,Restricted
Alpine Xamf (NM),Nightmare's Dawn,Creature,Naroom/Kybar's Teeth,6,Rare,Restricted
Amanax,Dream's End,Magi,Cald,10,Rare,Restricted
Amara,Traitor's Reach,Magi,Arderial,13,Uncommon,
Ambush,Nightmare's Dawn,Spell,Paradwyn,4,Uncommon,Restricted
Amulet of Ombor,Unlimited,Relic,Underneath,0,Rare,Restricted
Amulet of Sand,Voice of the Storms,Relic,d'Resh,2,Uncommon,Restricted
Anarchy,Awakening,Spell,Core,3,Rare,
Ancestral Flute,Unlimited,Relic,Universal,0,Uncommon,Restricted
Ancient's Puzzlebox,Traitor's Reach,Relic,Universal,1,Uncommon,
Arawan,Nightmare's Dawn,Magi,Paradwyn,11,Uncommon,Restricted
Arbolit,Unlimited,Creature,Cald,1,Common,Restricted
Arboll,Unlimited,Creature,Naroom,3,Common,Restricted
Arboll Stalker,Awakening,Creature,Core,4,Common,
Archid,Voice of the Storms,Magi,Paradwyn,15,Uncommon,Restricted
Arderial Shadow Geyser,Dream's End,Spell,Core,5,Rare,
Arderial's Crown,Unlimited,Relic,Arderial,0,Rare,Restricted
Arderian Adept,Voice of the Storms,Magi - Alternate Shimmer,Arderial,14,Uncommon,
Arderian-Guard Wings,Awakening,Relic,Arderial,0,Uncommon,Restricted
Ardonia,Nightmare's Dawn,Magi,Paradwyn,13,Uncommon,Restricted
Aritex,Dream's End,Creature,Weave,5,Rare,
Arosa,Nightmare's Dawn,Magi - Stormkeeper,Orothe,12,Rare,
Artyva,Dream's End,Magi,Weave,13,Uncommon,Restricted
Ascend,Dream's End,Spell,Kybar's Teeth,2,Uncommon,Restricted
Ash Hyren,Awakening,Creature,Cald,8,Rare,
Ashgar,Unlimited,Magi,Cald,10,Rare,Restricted
Ashio,Dream's End,Weave Shadow Magi,Core,13,Rare,
Atekkia's Gift,Promo,Spell,Underneath,3,Limited,
Athik,Awakening,Creature,Underneath,6,Uncommon,Restricted
Aubra's Canteen,Voice of the Storms,Relic,d'Resh,1,Common,
Aubra's Hourglass,Voice of the Storms,Relic,d'Resh,3,Rare,
Aubra's Timepiece,Traitor's Reach,Relic,d'Resh,2,Rare,
Aubra's Wisdom,Traitor's Reach,Spell,d'Resh,2,Uncommon,
Aula,Awakening,Magi,Arderial,14,Uncommon,
"Aula, Mindseeker (AR)",Voice of the Storms,Magi,Arderial/Orothe,15,Rare,
"Aula, Mindseeker (OR)",Voice of the Storms,Magi,Orothe/Arderial,15,Rare,
Aurorea,Traitor's Reach,Magi,Nar,9,Uncommon,
Avatar's Staff,Voice of the Storms,Relic,d'Resh,2,Rare,Restricted
Awakening,Nightmare's Dawn,Spell,Core,1,Uncommon,
Ayebaw,Unlimited,Creature,Arderial,5,Rare,Restricted
Baa,Nightmare's Dawn,Magi,Bograth,12,Uncommon,Restricted
Baby Furok (NM),Nightmare's Dawn,Creature,Naroom/Weave,2,Rare,
Baby Furok (WV),Nightmare's Dawn,Creature,Weave/Naroom,2,Rare,
Baby Hyren,Voice of the Storms,Creature,Universal,1,Rare,Restricted
Bagala,Nightmare's Dawn,Creature,Paradwyn,5,Common,Restricted
Bagala Cub,Nightmare's Dawn,Creature,Paradwyn,3,Common,Restricted
Bagala Fangs,Nightmare's Dawn,Relic,Paradwyn,0,Common,
Bagala Hunter,Nightmare's Dawn,Creature - Jungle Stalker,Paradwyn,7,Uncommon,Restricted
Balachron,Voice of the Storms,Magi,Nar,11,Uncommon,Restricted
Balamant,Unlimited,Creature,Naroom,6,Rare,Restricted
Balamant Pup,Unlimited,Creature,Naroom,4,Uncommon,Restricted
Baldar,Dream's End,Creature,Kybar's Teeth,6,Uncommon,Restricted
Baldar Amulet,Traitor's Reach,Relic,Kybar's Teeth,1,Common,
Ballistic Baldar (AR),Nightmare's Dawn,Creature,Arderial/Kybar's Teeth,6,Common,
Ballistic Baldar (KT),Nightmare's Dawn,Creature,Kybar's Teeth/Arderial,6,Common,
Baloo Root,Unlimited,Relic,Universal,0,Common,Restricted
Barak,Unlimited,Magi,Cald,17,Rare,Restricted
Barak the Red,Nightmare's Dawn,Magi,Cald,17,Rare,Restricted
Barak's Ring,Promo,Relic,Cald,0,Limited,
Barqua's Bubble,Dream's End,Relic,Orothe,2,Uncommon,
Barreling Vemment,Traitor's Reach,Creature,Arderial,4,Common,
Bazha,Nightmare's Dawn,Magi - Lifekeeper,Paradwyn,12,Rare,
Bazha's Pendant,Nightmare's Dawn,Relic,Paradwyn,0,Uncommon,
Beam of Light,Dream's End,Spell,Universal,4,Common,Restricted
Beeb,Voice of the Storms,Creature,d'Resh,2,Common,Restricted
Bhatar,Unlimited,Creature,Naroom,5,Rare,
Bikneets,Awakening,Creature,Naroom,2,Common,
Binding,Dream's End,Spell,Weave,2,Common,
Bisiwog,Unlimited,Creature,Underneath,3,Common,
Black Agovo,Awakening,Creature,Core,5,Rare,
Black Stuff,Traitor's Reach,Creature,Bograth,1,Rare,
Blade Hyren,Nightmare's Dawn,Creature,Weave,10,Rare,Restricted
Blast Gloves,Awakening,Relic,Cald,0,Uncommon,Restricted
Bleph,Voice of the Storms,Creature,Bograth,1,Common,Restricted
Blight,Awakening,Spell,Core,7,Rare,Restricted
Blizzard,Voice of the Storms,Spell,Nar,3,Common,Restricted
Blizzard Core,Voice of the Storms,Relic,Nar,5,Rare,
Blizzard Hyren,Voice of the Storms,Creature,Nar,7,Rare,
Bloom,Nightmare's Dawn,Spell,Paradwyn,1,Uncommon,
Blooming Bracelet,Traitor's Reach,Relic,Naroom,2,Rare,
Blu,Unlimited,Magi,Orothe,14,Rare,Restricted
Blue Yajo (OR),Nightmare's Dawn,Creature,Orothe/Weave,6,Common,Restricted
Blue Yajo (WV),Nightmare's Dawn,Creature,Weave/Orothe,6,Common,Restricted
Blygt,Nightmare's Dawn,Magi,Bograth,13,Uncommon,Restricted
Bo'Ahsa,Dream's End,Magi,Weave,14,Uncommon,Restricted
Bo'Ahsa's Shield,Voice of the Storms,Relic,Weave,2,Uncommon,Restricted
Bog Stench,Nightmare's Dawn,Spell,Bograth,1,Common,
Bog Stone,Nightmare's Dawn,Relic,Bograth,0,Uncommon,Restricted
Bog Wellisk (BG),Nightmare's Dawn,Creature,Bograth/Orothe,3,Rare,
Bog Wellisk (OR),Nightmare's Dawn,Creature,Orothe/Bograth,3,Rare,
Boil,Awakening,Spell,Orothe,5,Common,
Bolobog,Nightmare's Dawn,Creature,Bograth,1,Common,Restricted
Bombard,Voice of the Storms,Spell,Cald,4,Common,Restricted
Bone Cragnoc,Traitor's Reach,Creature,Kybar's Teeth,8,Common,
Bone Grag,Voice of the Storms,Creature - Sixth Oracle,d'Resh,3,Common,Restricted
Book of Ages,Unlimited,Relic,Universal,0,Uncommon,Restricted
Book of Life,Unlimited,Relic,Naroom,0,Rare,Restricted
Boomstick,Nightmare's Dawn,Relic,Cald,0,Uncommon,Restricted
Borgor,Awakening,Creature,Core,8,Uncommon,Restricted
Boria,Nightmare's Dawn,Magi,Paradwyn,16,Rare,Restricted
Borse,Awakening,Magi,Orothe,12,Rare,
Bottled City,Voice of the Storms,Relic,d'Resh,1,Rare,
Bottomless Pit,Unlimited,Spell,Underneath,3,Uncommon,Restricted
Braggle,Awakening,Creature,Cald,4,Rare,Restricted
Brannix,Awakening,Creature,Arderial,5,Common,Restricted
Bria,Dream's End,Magi,Orothe,12,Uncommon,
"Bria, Relic Hunter",Traitor's Reach,Magi - Alternate Bria,Orothe,13,Rare,
Brittlebreak,Voice of the Storms,Spell,Nar,3,Common,Restricted
Brog,Nightmare's Dawn,Magi,Bograth,14,Uncommon,Restricted
"Brog, Swamp Thug",Traitor's Reach,Magi - Alternate Brog,Bograth,14,Rare,
Bronk,Awakening,Magi,Underneath,16,Rare,Restricted
Bronn,Voice of the Storms,Magi,Nar,9,Rare,Restricted
Bronn's Battle Staff,Voice of the Storms,Relic,Nar,1,Uncommon,
Brothers of Vengeance,Voice of the Storms,Magi - Alternate Blu and Borse,Orothe,18,Uncommon,Restricted
Brub,Unlimited,Creature,Underneath,2,Common,Restricted
Brushfire (CD),Nightmare's Dawn,Spell,Cald/Weave,2,Common,
Brushfire (WV),Nightmare's Dawn,Spell,Weave/Cald,2,Common,
Bubble Xyx (AR),Nightmare's Dawn,Creature,Arderial/Orothe,3,Common,
Bubble Xyx (OR),Nightmare's Dawn,Creature,Orothe/Arderial,3,Common,
Bulabantu (DR),Voice of the Storms,Creature,d'Resh/Paradwyn,5,Rare,Restricted
Bulabantu (PW),Voice of the Storms,Creature,Paradwyn/d'Resh,5,Rare,Restricted
Bulomp,Traitor's Reach,Magi,Bograth,15,Uncommon,
Bungaloo (NM),Dream's End,Creature,Naroom/Weave,2,Common,Restricted
Bungaloo (WV),Dream's End,Creature,Weave/Naroom,2,Common,Restricted
Burrow,Unlimited,Spell,Underneath,X+1,Common,
Bwill,Unlimited,Creature,Orothe,1,Common,Restricted
Bythan's Gift,Promo,Spell,Naroom,3,Limited,
Cactus Dryte,Voice of the Storms,Creature,d'Resh,4,Common,Restricted
Cald Shadow Geyser,Dream's End,Spell,Core,5,Rare,
Caldera Aq,Traitor's Reach,Creature,Cald,2,Common,
Carillion,Unlimited,Creature,Naroom,4,Common,Restricted
Carillion Titan,Traitor's Reach,Creature,Naroom,9,Rare,
Carnivorous Cave,Unlimited,Spell,Underneath,3,Common,
Carnivorous Cave (LM),Limited,Spell,Underneath,3,Common,
Cataclysm,Dream's End,Spell,Arderial,10,Uncommon,
Cauldren of Ice,Voice of the Storms,Relic,Nar,2,Rare,
Cave Hyren,Unlimited,Creature,Underneath,5,Rare,Restricted
Cave In,Unlimited,Spell,Underneath,4,Rare,Restricted
Cave Rudwot,Unlimited,Creature,Underneath,3,Common,Restricted
Cawh,Voice of the Storms,Creature,Orothe,15,Uncommon,
Celebrated Hero (KT),Voice of the Storms,Magi - Alternate Gogor,Kybar's Teeth/Underneath,10,Rare,
Celebrated Hero (UD),Voice of the Storms,Magi - Alternate Gogor,Underneath/Kybar's Teeth,10,Rare,
Channeler's Gloves,Unlimited,Relic,Universal,0,Uncommon,Restricted
Chaos Flugg,Nightmare's Dawn,Creature,Core,6,Common,Restricted
Chaos Jile,Awakening,Creature,Core,6,Rare,
Chaos Plith,Dream's End,Creature - Alternate Plith,Core,5,Uncommon,Restricted
Chaos Sphere,Awakening,Relic,Core,0,Rare,
Charg,Voice of the Storms,Creature,Cald,3,Common,Restricted
Chasm Jile (DR),Nightmare's Dawn,Creature,d'Resh/Weave,3,Common,
Chasm Jile (WV),Nightmare's Dawn,Creature,Weave/d'Resh,3,Common,
Chayla,Promo,Magi,Naroom,12,Limited,
Chill Cane,Traitor's Reach,Relic,Nar,2,Rare,
Chill of Night,Voice of the Storms,Spell,d'Resh,4,Common,Restricted
Chogulith,Dream's End,Relic,Kybar's Teeth,2,Uncommon,
Chogus,Dream's End,Creature,Kybar's Teeth,4,Common,Restricted
Chogus Little,Promo,Creature,Kybar's Teeth,5,Limited,Restricted
Chur,Dream's End,Kybar's Teeth Shadow Magi,Core,15,Rare,Restricted
Cinder Hyren,Traitor's Reach,Creature,Cald,5,Rare,
Circling Darbok,Traitor's Reach,Creature,d'Resh,4,Rare,
Cleansing (KT),Nightmare's Dawn,Spell,Kybar's Teeth/Underneath,1,Common,
Cleansing (UD),Nightmare's Dawn,Spell,Underneath/Kybar's Teeth,1,Common,
Cliff Hyren,Dream's End,Creature,Kybar's Teeth,10,Rare,
Climbing Staff,Dream's End,Relic,Kybar's Teeth,0,Common,
Cloud Narth,Unlimited,Creature,Arderial,2,Common,
Cloud Orshaa,Voice of the Storms,Creature,Arderial,0,Common,
Cloud Sceptre,Unlimited,Relic,Arderial,0,Uncommon,
Coal Ergar,Voice of the Storms,Creature,Cald,4,Common,Restricted
Collar of Despair,Awakening,Relic,Core,0,Uncommon,
Collosit,Traitor's Reach,Creature,Universal,4,Rare,
Collossus (LM),Limited,Creature,Universal,12,Uncommon,Restricted
Colossus,Unlimited,Creature,Universal,12,Uncommon,Restricted
Comet Hyren,Promo,Creature,Arderial,7,Limited,Restricted
Coral Hyren,Unlimited,Creature,Orothe,4,Rare,Restricted
Coral Pyder,Promo,Creature,Orothe,2,Limited,Restricted
Corathan,Nightmare's Dawn,Creature,Core,5,Common,
Core Grag,Awakening,Creature,Core,5,Common,Restricted
Core Hyren,Awakening,Creature,Core,6,Rare,Restricted
Corf,Unlimited,Creature,Orothe,3,Common,Restricted
Corf Pearl,Unlimited,Relic,Orothe,0,Uncommon,
Corrupt,Awakening,Spell,Core,4,Common,Restricted
Countless Blades,Traitor's Reach,Spell,Weave,5,Rare,
Crag Quor,Dream's End,Creature,Kybar's Teeth,7,Common,Restricted
Cragnoc,Dream's End,Creature,Kybar's Teeth,10,Rare,Restricted
Craw,Traitor's Reach,Creature,d'Resh,2,Uncommon,
Creeping Ainjer,Traitor's Reach,Creature,Bograth,2,Common,
Creeping Chill (BG),Nightmare's Dawn,Spell,Bograth/Kybar's Teeth,2,Common,
Creeping Chill (KT),Nightmare's Dawn,Spell,Kybar's Teeth/Bograth,2,Common,
Crouching Xamf,Traitor's Reach,Creature,Kybar's Teeth,2,Common,
Crown of Grath,Nightmare's Dawn,Relic,Bograth,0,Uncommon,Restricted
Crushing Darkness,Nightmare's Dawn,Spell,Core,4,Uncommon,Restricted
Crushing Fungus,Nightmare's Dawn,Spell,Underneath,4,Uncommon,Restricted
Crushing Growth,Nightmare's Dawn,Spell,Weave,4,Uncommon,Restricted
Crushing Heat,Nightmare's Dawn,Spell,Cald,4,Uncommon,Restricted
Crushing Ice,Voice of the Storms,Spell,Nar,4,Uncommon,Restricted
Crushing Roots,Nightmare's Dawn,Spell,Naroom,4,Uncommon,Restricted
Crushing Sands,Voice of the Storms,Spell,d'Resh,4,Uncommon,Restricted
Crushing Stench,Nightmare's Dawn,Spell,Bograth,4,Uncommon,Restricted
Crushing Stones,Nightmare's Dawn,Spell,Kybar's Teeth,4,Uncommon,Restricted
Crushing Surf,Nightmare's Dawn,Spell,Orothe,4,Uncommon,Restricted
Crushing Vines,Nightmare's Dawn,Spell,Paradwyn,4,Uncommon,Restricted
Crushing Will,Traitor's Reach,Spell,Universal,4,Uncommon,
Crushing Winds,Nightmare's Dawn,Spell,Arderial,4,Uncommon,Restricted
Cry of Thunder,Awakening,Spell,Arderial,4,Rare,Restricted
Crystal Arboll,Unlimited,Creature,Underneath,2,Common,Restricted
Crystal Goblet,Traitor's Reach,Relic,Underneath,1,Uncommon,
Crystal Hyren,Traitor's Reach,Creature,Underneath,6,Common,
Crystal Jile,Awakening,Creature,Underneath,6,Rare,Restricted
Crystal Lascinth,Voice of the Storms,Creature,Underneath,6,Common,Restricted
Crystal Parmalag,Dream's End,Creature,Underneath,7,Common,Restricted
Crystal Saris,Traitor's Reach,Creature,Underneath,4,Common,
Crystal Shield,Traitor's Reach,Spell,Underneath,2,Rare,
Crystal Twinklet,Traitor's Reach,Creature,Underneath,3,Uncommon,
Crystal Vision,Voice of the Storms,Spell - Fourth Oracle,d'Resh,2,Rare,Restricted
Crystallize,Voice of the Storms,Spell,Nar,2,Common,
Culla,Nightmare's Dawn,Magi,Paradwyn,16,Uncommon,Restricted
Curse of the Abaquist (OR),Nightmare's Dawn,Spell,Orothe/Paradwyn,4,Common,
Curse of the Abaquist (PW),Nightmare's Dawn,Spell,Paradwyn/Orothe,4,Common,
Cyclone Vashp,Unlimited,Creature,Arderial,4,Rare,Restricted
Cyclone Xyx,Voice of the Storms,Creature,Arderial,7,Uncommon,Restricted
Dagok,Voice of the Storms,Creature,Core,5,Common,
Dakat,Voice of the Storms,Magi,d'Resh,15,Rare,Restricted
Darbok,Voice of the Storms,Creature,d'Resh,3,Common,
Darge,Dream's End,Creature,Kybar's Teeth,7,Uncommon,Restricted
Dark Ayebaw,Awakening,Creature,Core,3,Uncommon,Restricted
Dark Cragnoc,Nightmare's Dawn,Creature,Core,12,Rare,Restricted
Dark Furok,Dream's End,Creature - Alternate Furok,Core,6,Uncommon,Restricted
Dark Portents,Voice of the Storms,Spell,Core,2,Common,Restricted
Dark Vellup,Traitor's Reach,Creature,Core,4,Rare,
Darkbreed Hyren,Awakening,Creature,Core,11,Rare,Restricted
Darkbreed's Minion,Nightmare's Dawn,Creature - Alternate Ash Hyren,Core,7,Rare,
Darkness,Nightmare's Dawn,Spell,Bograth,7,Rare,
Dasia (PW),Nightmare's Dawn,Creature,Paradwyn/Weave,1,Common,Restricted
Dasia (WV),Nightmare's Dawn,Creature,Weave/Paradwyn,1,Common,Restricted
Daydreams,Voice of the Storms,Spell,d'Resh,1,Common,
Deadfall,Awakening,Spell,Naroom,3,Rare,Restricted
Deadwood Staff,Nightmare's Dawn,Relic,Bograth,0,Rare,
Deceptive Dreams,Voice of the Storms,Spell,d'Resh,3,Rare,Restricted
Deep Barl,Dream's End,Creature,Orothe,6,Rare,Restricted
Deep Hyren,Unlimited,Creature,Orothe,6,Rare,Restricted
Deep Wellisk,Dream's End,Creature,Orothe,4,Uncommon,
Defender of the Sky,Nightmare's Dawn,Magi - Alternate Ora,Arderial,10,Rare,
Delia,Dream's End,Magi - Starkeeper,Arderial,12,Rare,
Desiccate,Voice of the Storms,Spell,d'Resh,5,Uncommon,Restricted
Dewstone (KT),Nightmare's Dawn,Relic,Kybar's Teeth/Paradwyn,2,Uncommon,Restricted
Dewstone (PW),Nightmare's Dawn,Relic,Paradwyn/Kybar's Teeth,2,Uncommon,Restricted
Dey,Voice of the Storms,Magi,d'Resh,14,Rare,Restricted
Digging Goggles,Unlimited,Relic,Underneath,0,Uncommon,
Diobor,Unlimited,Creature,Cald,6,Common,
Diomant,Dream's End,Creature,Cald,6,Common,
Disc of Inferno,Traitor's Reach,Relic,Cald,1,Uncommon,
Djarmander,Voice of the Storms,Creature - Arctic,Nar,4,Rare,Restricted
D'Jarvish (DR),Nightmare's Dawn,Magi,d'Resh/Underneath,14,Rare,
D'Jarvish (UD),Nightmare's Dawn,Magi,Underneath/d'Resh,14,Rare,
Drahkar,Voice of the Storms,Creature - Illusion,d'Resh,11,Uncommon,Restricted
Drajan,Voice of the Storms,Magi,d'Resh,15,Rare,Restricted
Drakan,Unlimited,Creature,Cald,6,Uncommon,Restricted
d'Rasha,Voice of the Storms,Magi,d'Resh,12,Uncommon,Restricted
Dream Balm,Unlimited,Relic,Universal,0,Common,Restricted
Dream Channel,Awakening,Spell,Universal,2,Common,
Dream Rift,Awakening,Spell,Core,5,Common,Restricted
Dreamcatcher,Traitor's Reach,Relic,d'Resh,2,Rare,
Dreamdrain Charm,Voice of the Storms,Relic,Nar,2,Uncommon,
Dreamthread Bracelet,Traitor's Reach,Relic,Arderial,1,Rare,
Drig,Voice of the Storms,Magi,Bograth,14,Uncommon,Restricted
Drought,Dream's End,Spell,Weave,2,Uncommon,
Drowl,Dream's End,Creature,Weave,6,Uncommon,Restricted
Drum Solo,Traitor's Reach,Spell,Paradwyn,4,Uncommon,
Drush,Dream's End,Creature,Core,4,Uncommon,Restricted
Drush (PR),Promo,Creature,Core,4,Limited,Restricted
Dryte,Voice of the Storms,Creature,Nar,5,Common,Restricted
Dryte Fiend,Awakening,Creature,Core,5,Rare,Restricted
Dune Compass,Voice of the Storms,Relic - Second Oracle,d'Resh,1,Uncommon,Restricted
Ebony Mirror,Voice of the Storms,Relic,Core,0,Uncommon,Restricted
Ebylon,Unlimited,Magi,Orothe,13,Uncommon,Restricted
Eclipse,Unlimited,Spell,Arderial,5,Rare,
Eebit,Unlimited,Creature,Naroom,2,Uncommon,Restricted
Eidon,Promo,Magi - Keeper,Naroom,12,Limited,
Elder Vellup,Dream's End,Creature,Arderial,5,Rare,Restricted
Elder Weebo,Dream's End,Creature,Naroom,5,Rare,
Elder Yark (AR),Nightmare's Dawn,Creature,Arderial/Kybar's Teeth,7,Uncommon,Restricted
Elder Yark (KT),Nightmare's Dawn,Creature,Kybar's Teeth/Arderial,7,Uncommon,Restricted
Elemental Shield,Promo,Spell,Universal,1,Limited,
Elios,Dream's End,Magi,Arderial,10,Uncommon,
Emaal,Promo,Magi,Underneath,10,Limited,
Emaya,Voice of the Storms,Magi,Nar,10,Uncommon,Restricted
Ember Hyren (CD),Voice of the Storms,Creature,Cald/Naroom,5,Rare,Restricted
Ember Hyren (NM),Voice of the Storms,Creature,Naroom/Cald,5,Rare,Restricted
Ember Vard,Promo,Creature,Arderial,2,Limited,
Ember Vard (CD),Promo,Creature,Cald/Arderial,2,Limited,
Emec,Dream's End,Magi,Kybar's Teeth,10,Uncommon,Restricted
Emec's Forge,Voice of the Storms,Relic,Kybar's Teeth,2,Uncommon,
Emlob,Nightmare's Dawn,Magi,Bograth,13,Uncommon,
Empress Gia,Promo,Magi - Alternate Nagsis,Core/Weave,15,Limited,
Energy Band,Unlimited,Relic,Naroom,0,Rare,Restricted
Enrich,Unlimited,Spell,Underneath,1,Uncommon,
Entangle,Unlimited,Spell,Orothe,3,Rare,
Entomb,Awakening,Spell,Core,3,Rare,
Entrench,Traitor's Reach,Spell,Underneath,1,Common,
Epik,Unlimited,Creature,Arderial,4,Uncommon,
Equilibrate,Dream's End,Spell,Universal,3,Common,Restricted
Ergar,Awakening,Creature,Cald,4,Common,
Erisa,Voice of the Storms,Magi,Nar,11,Rare,
Eryss (BG),Nightmare's Dawn,Magi,Bograth/Paradwyn,15,Uncommon,
Eryss (PW),Nightmare's Dawn,Magi,Paradwyn/Bograth,15,Uncommon,
Essence of Frost,Voice of the Storms,Relic - Arctic,Nar,2,Rare,Restricted
Essence of Naroom,Awakening,Relic,Naroom,0,Rare,
Everburning Wick (CD),Voice of the Storms,Relic,Cald/Weave,2,Rare,
Everburning Wick (WV),Voice of the Storms,Relic,Weave/Cald,2,Rare,
Evil Evu,Dream's End,Naroom Shadow Magi,Core,15,Uncommon,Restricted
Evu,Unlimited,Magi,Naroom,15,Rare,Restricted
Evu's Jellybeans,Dream's End,Relic,Naroom,X,Rare,
Exposure,Voice of the Storms,Spell,Nar,3,Common,Restricted
Eye of the Storm,Unlimited,Relic,Arderial,0,Uncommon,
Eyes of Arderial,Dream's End,Relic,Arderial,0,Uncommon,
Fate's Whimsy,Dream's End,Spell,Universal,1,Common,
Feet of Stone,Dream's End,Spell,Kybar's Teeth,2,Rare,
Fiend of Furoks,Voice of the Storms,Naroom Shadow Magi - Alternate Sperri,Core,15,Rare,
Fird,Voice of the Storms,Creature,Naroom,1,Common,Restricted
Fird Stone,Awakening,Relic,Naroom,0,Uncommon,
Fire ball,Unlimited,Spell,Cald,2,Common,Restricted
Fire Chogo,Unlimited,Creature,Cald,2,Common,Restricted
Fire Flow,Unlimited,Spell,Cald,1,Common,
Fire Grag,Unlimited,Creature,Cald,6,Uncommon,Restricted
Firefly Amulet,Nightmare's Dawn,Relic,Cald,1,Uncommon,
Firefly Swarm,Awakening,Spell,Cald,2,Common,Restricted
Firestorm Orish (AR),Nightmare's Dawn,Creature,Arderial/Cald,5,Rare,Restricted
Firestorm Orish (CD),Nightmare's Dawn,Creature,Cald/Arderial,5,Rare,Restricted
Flambit,Voice of the Storms,Creature,Cald,3,Uncommon,Restricted
Flame Control,Unlimited,Spell,Cald,1,Rare,
Flame Geyser,Unlimited,Spell,Cald,7,Uncommon,
Flame Hyren,Unlimited,Creature,Cald,9,Rare,
Flame Jakla,Traitor's Reach,Creature,Cald,5,Common,
Flame Rudwot (CD),Nightmare's Dawn,Creature,Cald/Naroom,4,Common,
Flame Rudwot (NM),Nightmare's Dawn,Creature,Naroom/Cald,4,Common,
Flame Spurt,Voice of the Storms,Spell,Cald,1,Common,Restricted
Flame Trulb (BG),Nightmare's Dawn,Creature,Bograth/Cald,2,Common,Restricted
Flame Trulb (CD),Nightmare's Dawn,Creature,Cald/Bograth,2,Common,Restricted
Flameplate Armor,Voice of the Storms,Relic - Alternate Magma Armor,Cald,2,Uncommon,Restricted
Flashfreeze,Traitor's Reach,Spell,Nar,3,Common,
Flint Staff,Traitor's Reach,Relic,Kybar's Teeth,1,Uncommon,
Flood of Energy,Unlimited,Spell,Naroom,2,Rare,Restricted
Flourish,Nightmare's Dawn,Spell,Paradwyn,3,Rare,Restricted
Flugg,Dream's End,Creature,Weave,4,Uncommon,Restricted
Flutter Yup,Awakening,Creature,Arderial,1,Common,Restricted
Flying Darbok,Voice of the Storms,Creature,Arderial,3,Common,Restricted
Flying Hinko (AR),Nightmare's Dawn,Creature,Arderial/Naroom,3,Rare,Restricted
Flying Hinko (NM),Nightmare's Dawn,Creature,Naroom/Arderial,3,Rare,Restricted
Focus,Nightmare's Dawn,Spell,Universal,3,Common,
Fog Bank,Unlimited,Spell,Arderial,3,Uncommon,Restricted
Fog Hyren (BG),Nightmare's Dawn,Creature,Bograth/Paradwyn,6,Rare,Restricted
Fog Hyren (PW),Nightmare's Dawn,Creature,Paradwyn/Bograth,6,Rare,Restricted
Forest Blessing,Awakening,Spell,Naroom,5,Rare,
Forest Hyren,Awakening,Creature,Naroom,9,Rare,Restricted
Forest Hyren,Promo,Creature,Naroom,9,Limited,Restricted
Forest Jile,Awakening,Creature,Naroom,5,Common,Restricted
Forest Wudge,Voice of the Storms,Creature - Alternate Wudge,Naroom,3,Common,Restricted
Forgotten Dancer,Awakening,Relic,Universal,0,Common,
Forgotten Dreams,Voice of the Storms,Spell,d'Resh,2,Common,Restricted
Forgotten Songs,Voice of the Storms,Spell,d'Resh,1,Common,
Forgotten Tales,Voice of the Storms,Spell,d'Resh,2,Common,Restricted
Fossik,Unlimited,Magi,Underneath,10,Uncommon,Restricted
"Fossik, Ringsmith",Nightmare's Dawn,Magi - Underkeeper,Underneath,12,Rare,Restricted
Fray,Voice of the Storms,Magi,Nar,13,Uncommon,Restricted
Freep,Voice of the Storms,Creature,Underneath,1,Common,Restricted
Frenzy,Nightmare's Dawn,Spell,Bograth,3,Common,Restricted
Frost Hyren,Voice of the Storms,Creature - Arctic,Nar,8,Rare,Restricted
Frost Raxis,Voice of the Storms,Creature,Nar,4,Common,Restricted
Froxfire,Nightmare's Dawn,Spell,Paradwyn,5,Uncommon,Restricted
Frusk,Dream's End,Creature,Weave,2,Common,Restricted
Furlosk (BG),Promo,Creature,Bograth/Naroom,7,Limited,
Furlosk (NM),Promo,Creature,Naroom/Bograth,7,Limited,
Furok,Unlimited,Creature,Naroom,4,Common,Restricted
Furok Guardian,Awakening,Creature,Naroom,10,Rare,
Furok Protector,Voice of the Storms,Creature,Nar,3,Common,Restricted
Galiant (AR),Nightmare's Dawn,Creature,Arderial/Kybar's Teeth,6,Common,Restricted
Galiant (KT),Nightmare's Dawn,Creature,Kybar's Teeth/Arderial,6,Common,Restricted
Gar,Unlimited,Magi,Cald,14,Uncommon,Restricted
Garadan,Dream's End,Creature,Core,7,Common,
Garan,Dream's End,Creature,Naroom,6,Common,
Gargagnor,Dream's End,Creature,Kybar's Teeth,4,Uncommon,Restricted
Garlak,Voice of the Storms,Creature,Nar,5,Uncommon,Restricted
Gate to Ombor,Nightmare's Dawn,Relic,Underneath,6,Rare,
Gauntlets of Colossal Power,Promo,Relic,Universal,2,Limited,Restricted
Ghazran,Nightmare's Dawn,Creature,Paradwyn,10,Rare,Restricted
Gherish,Voice of the Storms,Magi,d'Resh,14,Uncommon,Restricted
Ghost Bwisp,Awakening,Creature,Underneath,2,Common,
Gia,Promo,Magi,Weave,16,Limited,
Gia Pet,Promo,Creature,Core,9,Limited,
Giant Arboll,Dream's End,Creature,Cald,4,Common,
Giant Baldar,Dream's End,Creature,Kybar's Teeth,9,Common,Restricted
Giant Carillion,Unlimited,Creature,Naroom,8,Uncommon,Restricted
Giant Chogus,Dream's End,Creature,Kybar's Teeth,8,Common,
Giant Korrit,Unlimited,Creature,Underneath,5,Rare,Restricted
Giant Parathin,Unlimited,Creature,Orothe,10,Rare,
Giant Parmalag,Unlimited,Creature,Underneath,5,Rare,
Giant Vulbor,Unlimited,Creature,Underneath,4,Uncommon,Restricted
Gia's Tome,Dream's End,Relic,Weave,1,Rare,
Gift of the Weave,Nightmare's Dawn,Relic,Weave,3,Rare,
Gilded Cage,Awakening,Spell,Naroom,2,Common,
Glablit,Nightmare's Dawn,Creature,Bograth,1,Common,Restricted
Glacier Hyren,Voice of the Storms,Creature,Nar,9,Rare,
Glade Hyren,Promo,Creature,Naroom,7,Limited,
Gloom,Awakening,Spell,Core,4,Rare,Restricted
Gloves of Crystal,Unlimited,Relic,Underneath,0,Rare,
Gogor,Unlimited,Magi,Underneath,13,Uncommon,
Gogor's Spade (KT),Voice of the Storms,Relic,Kybar's Teeth/Underneath,1,Rare,Restricted
Gogor's Spade (UD),Voice of the Storms,Relic,Underneath/Kybar's Teeth,1,Rare,Restricted
Golthub (BG),Nightmare's Dawn,Magi,Bograth/Core,17,Uncommon,
Golthub (CR),Nightmare's Dawn,Magi,Core/Bograth,17,Uncommon,
Good Ol' Ashgar,Nightmare's Dawn,Magi - Flamekeeper,Cald,12,Uncommon,
Gorath,Awakening,Creature,Core,10,Rare,Restricted
Gorath Cub,Traitor's Reach,Creature,Core,3,Uncommon,
Gorgle's Curse,Awakening,Spell,Underneath,5,Rare,
Gorgle's Gift,Promo,Spell,Cald,3,Limited,
Gorgle's Glasses,Awakening,Relic,Cald,2,Rare,
Gorgle's Ring,Unlimited,Relic,Cald,0,Rare,
Gorran,Nightmare's Dawn,Magi,Bograth,19,Uncommon,Restricted
Gragling,Promo,Creature,Core,3,Limited,
Grahnna,Nightmare's Dawn,Magi,Bograth,13,Uncommon,Restricted
Grakanden,Promo,Creature,Underneath,9,Limited,Restricted
Granas (CD),Nightmare's Dawn,Creature,Cald/Underneath,5,Rare,Restricted
Granas (UD),Nightmare's Dawn,Creature,Underneath/Cald,5,Rare,Restricted
Grand Epik,Dream's End,Creature,Arderial,5,Uncommon,Restricted
Granite Parmalag,Dream's End,Creature,Kybar's Teeth,8,Common,Restricted
Gransaber,Voice of the Storms,Creature,Nar,8,Uncommon,Restricted
Grapple Tooth,Traitor's Reach,Relic,Kybar's Teeth,1,Common,
Grass Etiki (PW),Nightmare's Dawn,Creature,Paradwyn/Weave,1,Common,
Grass Etiki (WV),Nightmare's Dawn,Creature,Weave/Paradwyn,1,Common,
Grass Hyren,Dream's End,Creature,Weave,6,Rare,Restricted
Gratch,Dream's End,Creature,Kybar's Teeth,4,Common,Restricted
Gravity,Traitor's Reach,Spell,Kybar's Teeth,1,Common,
Grax,Awakening,Creature,Core,6,Common,Restricted
Great Pool of Wisdom,Nightmare's Dawn,Relic,Bograth,0,Common,Restricted
Great Throne Mushrooms,Nightmare's Dawn,Relic,Bograth,1,Uncommon,
Great White Narth,Voice of the Storms,Creature,Nar,5,Common,Restricted
Greater Gargagnor,Nightmare's Dawn,Creature,Kybar's Teeth,10,Rare,
Greater Vaal,Unlimited,Creature,Cald,5,Rare,Restricted
Green Stuff,Nightmare's Dawn,Creature,Bograth,0,Common,Restricted
Grega,Unlimited,Magi,Cald,10,Uncommon,Restricted
Grega's Ring,Dream's End,Relic,Cald,2,Rare,Restricted
Grej,Dream's End,Magi,Kybar's Teeth,13,Rare,
Gremble (BG),Nightmare's Dawn,Creature,Bograth/Paradwyn,2,Common,Restricted
Gremble (PW),Nightmare's Dawn,Creature,Paradwyn/Bograth,2,Common,Restricted
Gremm's Hammer,Awakening,Relic,Underneath,0,Rare,Restricted
Gremm's Helmet,Dream's End,Relic,Underneath,2,Rare,Restricted
Grendile (NM),Voice of the Storms,Creature,Naroom/Nar,8,Rare,Restricted
Grendile (NR),Voice of the Storms,Creature,Nar/Naroom,8,Rare,Restricted
Grim Goblet,Awakening,Relic,Core,0,Common,
Grizzled Moga,Voice of the Storms,Creature,Kybar's Teeth,5,Common,Restricted
Groll,Dream's End,Magi - Watchkeeper,Kybar's Teeth,10,Rare,Restricted
Groll the Fallen,Traitor's Reach,Magi - Alternate Groll,Kybar's Teeth,14,Rare,
Grotto Phrup,Traitor's Reach,Creature,Orothe,3,Uncommon,
Ground Breaker,Unlimited,Spell,Underneath,3,Uncommon,Restricted
Grow,Unlimited,Spell,Naroom,3,Common,Restricted
Grubble,Awakening,Creature,Core,3,Rare,
Gruk,Unlimited,Magi,Underneath,13,Uncommon,
Gulg,Traitor's Reach,Magi,Underneath,14,Uncommon,
Gum-Gum,Unlimited,Creature,Underneath,2,Common,Restricted
Gumph,Voice of the Storms,Creature,Core,4,Common,Restricted
Gwaeg (BG),Nightmare's Dawn,Creature,Bograth/Core,1,Common,Restricted
Gwaeg (CR),Nightmare's Dawn,Creature,Core/Bograth,1,Common,Restricted
Gwomba,Voice of the Storms,Creature,Paradwyn,6,Rare,Restricted
Gyrg,Nightmare's Dawn,Magi,Underneath,10,Uncommon,Restricted
Habob,Voice of the Storms,Creature - Recurring,d'Resh,5,Uncommon,
Hailstorm Pendant,Voice of the Storms,Relic,Nar,1,Common,Restricted
Hajnyn,Traitor's Reach,Magi,Nar,13,Rare,
Halsted,Voice of the Storms,Magi,Nar,9,Uncommon,Restricted
Hand of the Sky,Nightmare's Dawn,Relic,Arderial,1,Uncommon,
Hapu,Traitor's Reach,Creature,Universal,3,Rare,
Harban,Dream's End,Creature,Core,5,Common,Restricted
Hardshell Weebo,Nightmare's Dawn,Creature,Paradwyn,1,Common,Restricted
Harmony,Dream's End,Spell,Weave,6,Rare,Restricted
Harresh,Voice of the Storms,Magi,d'Resh,15,Uncommon,Restricted
Harror,Awakening,Arderial Shadow Magi,Core,15,Rare,Restricted
"Harror, Nightstalker",Voice of the Storms,Arderial Shadow Magi,Core,11,Uncommon,
Harvest Feast,Traitor's Reach,Spell,Naroom,3,Common,
Hasseth,Voice of the Storms,Magi,d'Resh,12,Uncommon,Restricted
Haunt,Voice of the Storms,Spell,Core,5,Rare,
Haunting Visions,Traitor's Reach,Spell,Core,2,Common,
Heal,Nightmare's Dawn,Spell,Universal,4,Common,Restricted
Healing Light,Voice of the Storms,Spell,Universal,0,Common,Restricted
Heart of Paradise (BG),Nightmare's Dawn,Relic,Bograth/Paradwyn,0,Rare,
Heart of Paradise (PW),Nightmare's Dawn,Relic,Paradwyn/Bograth,0,Rare,
Heart of the Sky,Nightmare's Dawn,Relic,Arderial,1,Rare,
Heat Lens,Unlimited,Relic,Cald,0,Rare,
Heat of Day,Voice of the Storms,Spell,d'Resh,2,Uncommon,Restricted
Helgrem,Voice of the Storms,Magi,Nar,12,Uncommon,Restricted
Heppeswip,Dream's End,Creature,Weave,4,Rare,
Hidden Door,Dream's End,Spell,Underneath,2,Uncommon,Restricted
Hogra Stones,Dream's End,Relic,Kybar's Teeth,0,Uncommon,
Hok,Dream's End,Magi,Kybar's Teeth,14,Uncommon,Restricted
Hood of Hiding,Unlimited,Relic,Naroom,0,Uncommon,
Horizon's Mirage,Voice of the Storms,Spell,d'Resh,3,Uncommon,
Horn of Renewal,Traitor's Reach,Relic,Orothe,1,Common,
Hrada,Dream's End,Naroom Shadow Magi,Core,16,Uncommon,
Hubdra's Chest,Voice of the Storms,Relic,Orothe,2,Uncommon,Restricted
Hubdra's Cube,Awakening,Relic,Orothe,0,Rare,Restricted
Hubdra's Spear,Unlimited,Relic,Orothe,0,Rare,Restricted
Hubram,Dream's End,Creature,Underneath,2,Rare,Restricted
Hunter Furok,Voice of the Storms,Creature,Nar,7,Uncommon,Restricted
Hunter Jile,Awakening,Creature,Orothe,6,Uncommon,Restricted
Hurricane Orish (AR),Nightmare's Dawn,Creature,Arderial/Orothe,5,Rare,Restricted
Hurricane Orish (OR),Nightmare's Dawn,Creature,Orothe/Arderial,5,Rare,Restricted
Husp,Awakening,Creature,Orothe,4,Common,
Hyren's Call,Unlimited,Spell,Naroom,6,Rare,Restricted
Iain,Nightmare's Dawn,Magi,Paradwyn,12,Uncommon,Restricted
"Iain, Commando",Traitor's Reach,Magi - Alternate Iain,Paradwyn,13,Rare,
Ice Arboll,Voice of the Storms,Creature,Nar,2,Common,Restricted
Ice Furok,Voice of the Storms,Creature,Nar,4,Uncommon,Restricted
Ice Hyren (ND),Nightmare's Dawn,Creature,Nar,8,Rare,Restricted
Ice Hyren (VS),Voice of the Storms,Creature,Nar,8,Rare,Restricted
Ice Lens,Voice of the Storms,Relic,Nar,1,Rare,Restricted
Ice Rupture,Voice of the Storms,Spell,Nar,2,Uncommon,Restricted
Ice Vinoc,Traitor's Reach,Creature,Nar,5,Uncommon,
Iceberg Hyren (NR),Voice of the Storms,Creature,Nar/Orothe,3,Rare,Restricted
Iceberg Hyren (OR),Voice of the Storms,Creature,Orothe/Nar,3,Rare,Restricted
Icecap,Traitor's Reach,Relic,Nar,3,Rare,
Icefang Battlesled,Voice of the Storms,Relic,Nar,1,Common,Restricted
Icefield Ashryte,Voice of the Storms,Creature,Nar,4,Common,Restricted
Icepack,Traitor's Reach,Spell,Nar,1,Common,
Ickle,Voice of the Storms,Creature,Nar,1,Common,Restricted
Icy Heart,Voice of the Storms,Relic,Nar,3,Uncommon,
Icy Prison,Voice of the Storms,Relic,Nar,1,Rare,
Impact,Awakening,Spell,Underneath,1,Common,Restricted
Implosion,Unlimited,Spell,Orothe,1,Common,Restricted
Inferno Xyx,Promo,Creature,Cald,6,Limited,
Inhibitor Band,Nightmare's Dawn,Relic,Universal,0,Common,
Instant Fortress,Voice of the Storms,Relic,Nar,2,Rare,
Intensify,Awakening,Spell,Universal,1,Uncommon,Restricted
Inyx,Nightmare's Dawn,Creature,Paradwyn,8,Common,Restricted
Ithapher,Awakening,Creature,Cald,4,Rare,
Iximin,Dream's End,Creature,Orothe,3,Common,Restricted
Iyori,Dream's End,Magi,Weave,15,Uncommon,Restricted
Izmer,Voice of the Storms,Creature,d'Resh,2,Common,Restricted
Jaela,Unlimited,Magi,Arderial,15,Rare,Restricted
Jagged Rocks,Dream's End,Spell,Kybar's Teeth,3,Common,Restricted
Jagt,Dream's End,Magi,Kybar's Teeth,11,Rare,Restricted
Jaim,Traitor's Reach,Magi,Orothe,15,Uncommon,
Jakla Prowler,Traitor's Reach,Creature,Cald,2,Common,
Jalex,Promo,Magi,Core,14,Limited,
Janx,Voice of the Storms,Creature - Jungle Stalker,Paradwyn,4,Uncommon,Restricted
Jasker's Mask,Dream's End,Relic,Kybar's Teeth,0,Rare,Restricted
Jetstream,Voice of the Storms,Spell,Arderial,2,Uncommon,Restricted
Jile,Nightmare's Dawn,Creature,Bograth,3,Uncommon,Restricted
Jip,Dream's End,Creature,Naroom,3,Uncommon,Restricted
J'Lith,Awakening,Creature,Arderial,2,Rare,Restricted
Jore,Awakening,Creature,Underneath,4,Rare,
Jory,Traitor's Reach,Magi,Cald,13,Uncommon,
Jumbor,Dream's End,Creature,Weave,6,Uncommon,Restricted
Jungle Eebit,Traitor's Reach,Creature,Paradwyn,2,Rare,
Jungle Hyren,Nightmare's Dawn,Creature,Paradwyn,8,Rare,
Jungle Hyren (DE),Dream's End,Creature,Paradwyn,8,Rare,
Jungle Jile,Nightmare's Dawn,Creature - Jungle Stalker,Paradwyn,4,Rare,Restricted
Jungle Riddle,Traitor's Reach,Spell,Paradwyn,1,Common,
Junjertrug,Dream's End,Creature,Weave,7,Common,Restricted
Junjertrug Horn,Dream's End,Relic,Weave,1,Uncommon,Restricted
Kalius,Awakening,Magi,Arderial,12,Rare,Restricted
Kalius' Ring,Promo,Relic,Arderial,0,Limited,
Karak,Unlimited,Creature,Orothe,5,Uncommon,Restricted
Karak Band,Awakening,Relic,Orothe,0,Uncommon,Restricted
Karak Ink,Voice of the Storms,Relic,Orothe,1,Uncommon,Restricted
Karak Necklace,Dream's End,Relic,Orothe,0,Rare,
Karkik (CD),Nightmare's Dawn,Creature,Cald/Kybar's Teeth,6,Common,
Karkik (KT),Nightmare's Dawn,Creature,Kybar's Teeth/Cald,6,Common,
Karse,Voice of the Storms,Magi,Orothe,14,Uncommon,Restricted
Kayliel,Promo,Magi,Orothe,12,Limited,
Kazm,Dream's End,Magi,Kybar's Teeth,15,Uncommon,Restricted
Keggerop,Nightmare's Dawn,Magi,Bograth,14,Uncommon,Restricted
Kelthet,Unlimited,Creature,Cald,4,Common,
Keru,Traitor's Reach,Magi,Weave,14,Uncommon,
Kesia,Dream's End,Magi,Weave,14,Rare,Restricted
Kesia's Flute,Dream's End,Relic,Weave,0,Rare,Restricted
Khisp,Nightmare's Dawn,Creature - Jungle Stalker,Paradwyn,5,Common,Restricted
Kier (KT),Nightmare's Dawn,Creature,Kybar's Teeth/Underneath,7,Common,
Kier (UD),Nightmare's Dawn,Creature,Underneath/Kybar's Teeth,7,Common,
Kiersta,Voice of the Storms,Magi,Paradwyn,14,Uncommon,Restricted
Kiesel's Hammer,Traitor's Reach,Relic,Underneath,1,Common,
Kintor,Voice of the Storms,Creature,Nar,3,Common,Restricted
Kintor Furs,Traitor's Reach,Relic,Nar,2,Uncommon,
Kioko,Nightmare's Dawn,Magi,Paradwyn,15,Uncommon,Restricted
K'ly,Nightmare's Dawn,Creature - Jungle Stalker,Paradwyn,5,Uncommon,Restricted
Klynn,Traitor's Reach,Magi,Arderial,14,Uncommon,
Koil,Awakening,Creature,Core,4,Common,Restricted
Koll,Dream's End,Magi,Kybar's Teeth,12,Rare,Restricted
Kolte,Dream's End,Magi,Weave,11,Rare,Restricted
Korg,Promo,Magi,Core,19,Limited,
Korg & Zet,Awakening,Magi,Core,6,Rare,Restricted
Korg's Poetry,Nightmare's Dawn,Relic,Bograth,2,Rare,Restricted
Korg's Sceptre,Voice of the Storms,Relic,Bograth,2,Uncommon,Restricted
Korok,Nightmare's Dawn,Magi,Kybar's Teeth,16,Uncommon,Restricted
Korremar,Awakening,Sands of d'Resh Shadow Magi,Core,14,Rare,
"Korremar, Avatar",Traitor's Reach,Magi - Alternate Korremar,d'Resh,15,Rare,
Korrit,Unlimited,Creature,Underneath,3,Uncommon,Restricted
Korul,Voice of the Storms,Creature,Nar,6,Common,Restricted
Koza,Voice of the Storms,Magi,Nar,11,Uncommon,Restricted
Krawg,Dream's End,Creature,Cald,6,Uncommon,Restricted
Krenkrajak,Voice of the Storms,Creature - Arctic,Nar,3,Common,Restricted
K'teeb (NM),Nightmare's Dawn,Creature,Naroom/Paradwyn,6,Uncommon,
K'teeb (PW),Nightmare's Dawn,Creature,Paradwyn/Naroom,6,Uncommon,
K'teeb Cub (NM),Nightmare's Dawn,Creature,Naroom/Paradwyn,3,Uncommon,Restricted
K'teeb Cub (PW),Nightmare's Dawn,Creature,Paradwyn/Naroom,3,Uncommon,Restricted
K'teeb Thumper (NM),Nightmare's Dawn,Creature,Naroom/Paradwyn,4,Common,Restricted
K'teeb Thumper (PW),Nightmare's Dawn,Creature,Paradwyn/Naroom,4,Common,Restricted
Kwup,Voice of the Storms,Creature - Jungle Stalker,Paradwyn,4,Common,Restricted
Kybar's Echo,Dream's End,Spell,Kybar's Teeth,1,Common,Restricted
Kybar's Fang,Nightmare's Dawn,Relic,Kybar's Teeth,8,Rare,
Kybar's Gift,Promo,Spell,Kybar's Teeth,3,Limited,
Kybar's Hammer,Dream's End,Relic,Kybar's Teeth,2,Uncommon,Restricted
Kybar's Scroll,Dream's End,Relic,Kybar's Teeth,0,Uncommon,Restricted
Kyg'n,Nightmare's Dawn,Magi,Kybar's Teeth,12,Rare,Restricted
Kyroll,Voice of the Storms,Creature,Nar,8,Rare,Restricted
Lady of the Sky,Nightmare's Dawn,Magi - Alternate Jaela,Arderial,16,Rare,Restricted
Lahalou,Nightmare's Dawn,Creature,Paradwyn,2,Common,Restricted
Lanyx,Awakening,Cald Shadow Magi,Core,15,Rare,Restricted
"Lanyx, Reaper",Traitor's Reach,Cald Shadow Magi - Alternate Lanyx,Core,15,Rare,
Laranel,Voice of the Storms,Magi,Nar,8,Rare,Restricted
Lasada,Unlimited,Magi,Arderial,11,Uncommon,Restricted
"Lasada, Emissary",Traitor's Reach,Magi - Alternate Lasada,Arderial,14,Rare,
Lascinth,Dream's End,Creature,Weave,5,Rare,Restricted
Lava Aq,Unlimited,Creature,Cald,4,Uncommon,Restricted
Lava Arboll,Unlimited,Creature,Cald,2,Uncommon,Restricted
Lava Balamant,Unlimited,Creature,Cald,5,Uncommon,Restricted
Lava Blast,Traitor's Reach,Spell,Cald,2,Uncommon,
Lava Flow,Dream's End,Spell,Cald,2,Common,Restricted
Leaf Chogo,Voice of the Storms,Creature,Naroom,4,Common,
Leaf Hyren,Unlimited,Creature,Naroom,4,Common,
League Elder,Promo,Magi,Universal,15,Limited,
Lens of Truth,Voice of the Storms,Relic - Fifth Oracle,d'Resh,1,Uncommon,Restricted
Lesser Darbok,Voice of the Storms,Creature,d'Resh,2,Rare,Restricted
Lifeweave,Dream's End,Spell,Weave,2,Common,Restricted
Lightning,Unlimited,Spell,Arderial,2,Common,Restricted
Lightning Braggle,Traitor's Reach,Creature,Arderial,3,Rare,
Lightning Hyren,Unlimited,Creature,Arderial,5,Common,Restricted
Lightning Sand (BG),Voice of the Storms,Spell,Bograth/d'Resh,3,Rare,Restricted
Lightning Sand (DR),Voice of the Storms,Spell,d'Resh/Bograth,3,Rare,Restricted
Liriel,Nightmare's Dawn,Magi,Paradwyn,12,Uncommon,Restricted
Liriel's Cape,Nightmare's Dawn,Relic,Paradwyn,0,Uncommon,Restricted
Liriel's Cape,Voice of the Storms,Relic,Paradwyn,2,Uncommon,Restricted
Loaded Dice,Nightmare's Dawn,Relic,Universal,0,Common,Restricted
Locke,Traitor's Reach,Magi,Nar,8,Uncommon,
Looph,Voice of the Storms,Creature,Bograth,2,Uncommon,Restricted
Lovian,Unlimited,Creature,Arderial,4,Rare,Restricted
Lurking Minani,Traitor's Reach,Creature,Paradwyn,2,Common,
Maelstrom,Awakening,Spell,Core,X,Common,Restricted
Maelstrom Flask,Dream's End,Relic,Universal,0,Common,
Magam,Unlimited,Magi,Cald,13,Rare,Restricted
Magam (LM),Limited,Magi,Cald,13,Rare,Restricted
"Magam, Flamesmith",Voice of the Storms,Magi,Cald,12,Uncommon,
Magam's Ring,Voice of the Storms,Relic,Cald,2,Uncommon,
Magma Armor,Unlimited,Relic,Cald,0,Common,Restricted
Magma Hyren,Unlimited,Creature,Cald,3,Rare,Restricted
Magma Jile,Awakening,Creature,Cald,5,Common,Restricted
Magma Parmalag (CD),Nightmare's Dawn,Creature,Cald/Underneath,4,Uncommon,Restricted
Magma Parmalag (UD),Nightmare's Dawn,Creature,Underneath/Cald,4,Uncommon,Restricted
Magor,Nightmare's Dawn,Creature,Paradwyn,6,Common,Restricted
Makoor,Nightmare's Dawn,Creature,Bograth,1,Rare,
Malevolent Corf,Traitor's Reach,Creature,Orothe,2,Common,
Mantle of Shadows,Awakening,Relic,Universal,0,Common,Restricted
Marella,Dream's End,Magi,Weave,10,Rare,Restricted
"Marella, Savant",Traitor's Reach,Magi - Alternate Marella,Weave,12,Rare,
Mask of Abwyn,Unlimited,Relic,Arderial,0,Uncommon,Restricted
M'ck,Voice of the Storms,Magi,Kybar's Teeth,14,Uncommon,Restricted
Megathan,Unlimited,Creature,Orothe,8,Rare,Restricted
Mijji,Traitor's Reach,Magi,Paradwyn,13,Uncommon,
Mind Blank,Awakening,Spell,Core,4,Common,Restricted
Mirage,Traitor's Reach,Spell,d'Resh,3,Common,
Mirago (BG),Nightmare's Dawn,Creature,Bograth/d'Resh,2,Common,Restricted
Mirago (DR),Nightmare's Dawn,Creature,d'Resh/Bograth,2,Common,Restricted
Mirror Pendant,Unlimited,Relic,Universal,0,Uncommon,Restricted
Mist Hyren,Nightmare's Dawn,Creature,Bograth,15,Rare,Restricted
M'Lady Iyori (PW),Nightmare's Dawn,Magi,Paradwyn/Weave,13,Rare,
M'Lady Iyori (WV),Nightmare's Dawn,Magi,Weave/Paradwyn,13,Rare,
Mobis,Unlimited,Magi,Orothe,16,Rare,Restricted
Moga,Dream's End,Creature,Kybar's Teeth,6,Common,Restricted
Moga Boots,Traitor's Reach,Relic,Kybar's Teeth,3,Rare,
Moga Fang Necklace,Dream's End,Relic,Kybar's Teeth,0,Rare,
Moga Pup,Dream's End,Creature,Kybar's Teeth,4,Common,
Mohani,Voice of the Storms,Magi,d'Resh,13,Rare,
Molten Gauntlets,Traitor's Reach,Relic,Cald,3,Rare,
Mombak,Voice of the Storms,Creature,Nar,3,Common,Restricted
Monarch Hyren,Dream's End,Creature,Universal,9,Rare,Restricted
Monarch Hyren,Promo,Creature,Universal,9,Limited,Restricted
Monsoon Hyren,Promo,Creature,Orothe,7,Limited,Restricted
Moob,Nightmare's Dawn,Creature,Bograth,1,Common,
Moob Ring,Nightmare's Dawn,Relic,Bograth,0,Uncommon,
Morag,Awakening,Magi,Core,14,Rare,Restricted
Morag's 'Gift',Promo,Spell,Core,3,Limited,
Mosp,Dream's End,Creature,Kybar's Teeth,4,Rare,Restricted
Moss Pendant,Nightmare's Dawn,Relic,Bograth,1,Common,Restricted
Moss Quido,Nightmare's Dawn,Creature,Bograth,3,Common,Restricted
Moss Trulb,Traitor's Reach,Creature,Bograth,1,Common,
Motash,Unlimited,Magi,Underneath,16,Rare,Restricted
Motash's Staff,Unlimited,Relic,Underneath,0,Rare,Restricted
Mowat,Voice of the Storms,Creature,d'Resh,7,Common,Restricted
M'Rika,Dream's End,Magi,Orothe,12,Rare,Restricted
Muck Rain,Voice of the Storms,Spell,Bograth,4,Common,Restricted
Muck Shovel,Traitor's Reach,Relic,Bograth,1,Uncommon,
Muck Vinoc,Nightmare's Dawn,Creature,Bograth,2,Common,Restricted
Mud Bubble,Traitor's Reach,Spell,Bograth,2,Rare,
Mudslide,Voice of the Storms,Spell,Underneath,2,Common,Restricted
Muggum (BG),Nightmare's Dawn,Creature,Bograth/Underneath,1,Uncommon,
Muggum (UD),Nightmare's Dawn,Creature,Underneath/Bograth,1,Uncommon,
Mushroom Hyren,Unlimited,Creature,Underneath,7,Uncommon,Restricted
Mydra (BG),Nightmare's Dawn,Creature,Bograth/Paradwyn,4,Common,
Mydra (PW),Nightmare's Dawn,Creature,Paradwyn/Bograth,4,Common,
Mydra Swarm (BG),Nightmare's Dawn,Spell,Bograth/Paradwyn,2,Common,
Mydra Swarm (PW),Nightmare's Dawn,Spell,Paradwyn/Bograth,2,Common,
Myka,Voice of the Storms,Magi,Underneath,14,Uncommon,Restricted
Nagsis,Awakening,Magi,Core,15,Rare,Restricted
Nagsis' Sigil,Promo,Relic,Core,0,Limited,
Nahara,Voice of the Storms,Magi - Sandkeeper,d'Resh,12,Uncommon,Restricted
Nalo,Dream's End,Creature,Orothe,4,Common,Restricted
Nara,Awakening,Magi,Cald,10,Uncommon,Restricted
Naroom Shadow Geyser,Dream's End,Spell,Core,5,Rare,
Nashiq,Voice of the Storms,Magi,d'Resh,16,Uncommon,Restricted
Nemsa,Voice of the Storms,Creature,d'Resh,3,Common,Restricted
Niffer,Promo,Magi,Arderial,14,Limited,
Night Hyren,Awakening,Creature,Arderial,9,Rare,Restricted
Nightmare Channel,Awakening,Spell,Universal,2,Common,
Nightmare Construct,Traitor's Reach,Creature,Universal,X,Rare,
Nightmare Hyren,Promo,Creature,Core,7,Limited,
Nightmare's Dawn,Promo,Spell,Universal,2,Limited,
Nimbulo,Unlimited,Magi,Arderial,14,Rare,Restricted
Ninibom (BG),Voice of the Storms,Magi,Bograth/Core,8,Rare,
Ninibom (CR),Voice of the Storms,Magi,Core/Bograth,8,Rare,
Ninx (PW),Nightmare's Dawn,Magi,Paradwyn/Weave,12,Uncommon,
Ninx (WV),Nightmare's Dawn,Magi,Weave/Paradwyn,12,Uncommon,
N'kala (BG),Nightmare's Dawn,Creature,Bograth/Paradwyn,3,Common,Restricted
N'kala (PW),Nightmare's Dawn,Creature,Paradwyn/Bograth,3,Common,Restricted
Nocturne,Dream's End,Spell,Naroom,4,Uncommon,Restricted
Nodj,Dream's End,Creature,Naroom,5,Rare,Restricted
N'ssah,Traitor's Reach,Magi,Kybar's Teeth,14,Uncommon,
Nymat,Traitor's Reach,Magi,d'Resh,14,Uncommon,
Nyrex (PW),Nightmare's Dawn,Creature,Paradwyn/Weave,8,Uncommon,
Nyrex (WV),Nightmare's Dawn,Creature,Weave/Paradwyn,8,Uncommon,
Oasis,Voice of the Storms,Spell,d'Resh,2,Common,Restricted
Obgren,Nightmare's Dawn,Magi - Mistkeeper,Bograth,12,Rare,
Obsis,Voice of the Storms,Creature,d'Resh,2,Rare,Restricted
Odavast,Voice of the Storms,Magi,Nar,10,Uncommon,Restricted
Ogar,Awakening,Underneath Shadow Magi,Core,15,Uncommon,Restricted
Ohk,Awakening,Magi,Naroom,11,Uncommon,Restricted
Olabra,Nightmare's Dawn,Magi,Bograth,16,Rare,Restricted
Olabra's Staff,Voice of the Storms,Relic,Bograth,1,Uncommon,Restricted
Olum,Voice of the Storms,Creature,d'Resh,2,Common,Restricted
Olum Digger,Voice of the Storms,Creature,d'Resh,4,Uncommon,Restricted
Olum Fiend,Traitor's Reach,Creature,d'Resh,2,Common,
Olum Mystic,Voice of the Storms,Creature,d'Resh,3,Uncommon,Restricted
Ominous Chill (BG),Nightmare's Dawn,Spell,Bograth/Nar,2,Common,Restricted
Ominous Chill (NR),Nightmare's Dawn,Spell,Nar/Bograth,2,Common,Restricted
Ominous Presence,Dream's End,Spell,Kybar's Teeth,1,Uncommon,
Ookami,Nightmare's Dawn,Magi,Paradwyn,14,Uncommon,Restricted
Ookami's Drums,Nightmare's Dawn,Relic,Paradwyn,0,Common,Restricted
Ooze Arboll,Nightmare's Dawn,Creature,Bograth,2,Common,Restricted
O'Qua,Unlimited,Magi,Orothe,11,Rare,Restricted
Ora,Unlimited,Magi,Arderial,12,Rare,Restricted
Oranragan (KT),Promo,Creature,Kybar's Teeth/Paradwyn,8,Limited,
Oranragan (PW),Promo,Creature,Paradwyn/Kybar's Teeth,8,Limited,
Orathan,Unlimited,Creature,Orothe,5,Rare,Restricted
Orathan Amulet (AR),Voice of the Storms,Relic,Arderial/Orothe,2,Rare,Restricted
Orathan Amulet (OR),Voice of the Storms,Relic,Orothe/Arderial,2,Rare,Restricted
Orathan Flyer,Unlimited,Creature,Arderial,5,Rare,
Orish,Unlimited,Creature,Arderial,3,Rare,
Orlon,Unlimited,Magi,Orothe,10,Uncommon,Restricted
Orlon's Ring,Promo,Relic,Orothe,0,Limited,
Ormagon,Unlimited,Creature,Underneath,10,Rare,
Ormagon (PR),Promo,Creature,Underneath,10,Limited,
Ormalet,Voice of the Storms,Creature,Underneath,6,Common,Restricted
Orok,Awakening,Creature,Core,5,Common,Restricted
Orothe Shadow Geyser,Dream's End,Spell,Core,5,Rare,
Orothean Belt,Unlimited,Relic,Orothe,0,Uncommon,Restricted
Orothean Gloves,Unlimited,Relic,Orothe,0,Rare,Restricted
Orothean Goggles,Unlimited,Relic,Orothe,0,Uncommon,Restricted
Orothean Horn,Awakening,Relic,Orothe,0,Rare,
Orpus,Unlimited,Creature,Orothe,3,Common,Restricted
Orthea,Unlimited,Magi,Orothe,15,Uncommon,Restricted
Orwin,Unlimited,Magi,Naroom,16,Rare,Restricted
Orwin's Gaze,Unlimited,Spell,Naroom,3,Uncommon,
Orwin's Ring,Promo,Relic,Naroom,0,Limited,
Orwin's Staff,Unlimited,Relic,Naroom,0,Rare,
Osatch,Dream's End,Creature,Weave,2,Common,
Overgrowth,Voice of the Storms,Spell,Naroom,1,Common,Restricted
Owinda's Gift,Promo,Spell,Orothe,3,Limited,
Pack Korrit,Unlimited,Creature,Underneath,1,Common,Restricted
Pagajack,Dream's End,Creature,Weave,1,Common,Restricted
Pajick Pet,Voice of the Storms,Creature,Weave,3,Common,Restricted
Paradar,Voice of the Storms,Creature,Weave,4,Uncommon,Restricted
Paralit,Unlimited,Creature,Orothe,3,Uncommon,Restricted
Paranoia,Awakening,Spell,Core,2,Common,
Parathin,Dream's End,Creature,Orothe,3,Rare,Restricted
Parathin Shell,Traitor's Reach,Relic,Orothe,3,Rare,
Parmalag,Unlimited,Creature,Underneath,3,Common,Restricted
Pearl Hyren,Traitor's Reach,Creature,Orothe,6,Rare,
Pebble Hinko,Voice of the Storms,Creature,Kybar's Teeth,3,Common,Restricted
Pharan,Unlimited,Creature,Arderial,3,Common,
Phlouk,Nightmare's Dawn,Magi,Bograth,12,Uncommon,
Phosphor Hyren,Promo,Creature,Underneath,7,Limited,
Phrup,Awakening,Creature,Orothe,1,Common,
Pillar Hyren,Traitor's Reach,Creature,Underneath,9,Rare,
Pillar of Brine,Awakening,Spell,Orothe,2,Rare,Restricted
Platheus,Unlimited,Creature,Orothe,6,Rare,
Plith,Unlimited,Creature,Naroom,3,Common,Restricted
Poad,Unlimited,Magi,Naroom,13,Uncommon,Restricted
"Poad, Innkeeper",Voice of the Storms,Magi,Naroom,12,Uncommon,Restricted
Poad's Secret Sauce,Voice of the Storms,Relic,Naroom,2,Uncommon,Restricted
Pody,Dream's End,Creature,Weave,4,Common,Restricted
Poison Baloo Root (BG),Nightmare's Dawn,Creature,Bograth/Paradwyn,4,Common,
Poison Baloo Root (PW),Nightmare's Dawn,Creature,Paradwyn/Bograth,4,Common,
Pok,Voice of the Storms,Magi,Paradwyn,13,Uncommon,
Polar Eebit,Traitor's Reach,Creature,Nar,2,Rare,
Polar Rudwot,Traitor's Reach,Creature,Nar,3,Common,
Porphin,Traitor's Reach,Creature,Orothe,3,Common,
Possession's Glee,Traitor's Reach,Spell,Orothe,1,Common,
Power of the Creators,Promo,Spell,Universal,11,Limited,
Prek,Dream's End,Magi,Underneath,13,Uncommon,
Primat,Awakening,Creature,Cald,2,Common,Restricted
Pruitt,Unlimited,Magi,Naroom,15,Uncommon,Restricted
"Pruitt, Ringsmith",Traitor's Reach,Magi - Alternate Pruitt,Naroom,14,Rare,
Pruitt's Robe,Dream's End,Relic,Naroom,0,Uncommon,Restricted
Pure of Heart,Voice of the Storms,Spell,Universal,1,Common,Restricted
Pyder,Nightmare's Dawn,Creature,Bograth,1,Rare,Restricted
Pylofuf,Awakening,Creature,Underneath,5,Common,
Pyte,Promo,Magi,Cald,15,Limited,
Quallon,Dream's End,Creature,Weave,3,Uncommon,
Quallon's Quest,Traitor's Reach,Spell,Weave,2,Uncommon,
Quanjuel,Voice of the Storms,Creature,d'Resh,4,Rare,Restricted
Quido Swarm (BG),Nightmare's Dawn,Creature,Bograth/Paradwyn,X,Common,Restricted
Quido Swarm (PW),Nightmare's Dawn,Creature,Paradwyn/Bograth,X,Common,Restricted
Quilla,Awakening,Magi,Orothe,14,Uncommon,Restricted
Quirle,Dream's End,Magi,Weave,13,Uncommon,Restricted
Quor,Unlimited,Creature,Cald,4,Common,Restricted
Quor Pup,Unlimited,Creature,Cald,2,Uncommon,
Qwade,Awakening,Orothe Shadow Magi,Core,12,Uncommon,Restricted
Rabbage,Promo,Creature,Naroom,3,Limited,
Rabid Bisiwog,Voice of the Storms,Creature,Underneath,4,Uncommon,Restricted
Rabid Wasperine,Voice of the Storms,Creature,Core,4,Uncommon,
Radget,Awakening,Magi,Underneath,14,Uncommon,Restricted
Radiant Spring,Nightmare's Dawn,Spell,Paradwyn,1,Common,Restricted
Raega,Awakening,Magi,Cald,11,Rare,Restricted
Rainbow Hyren,Traitor's Reach,Creature,Arderial,2,Uncommon,
Rala,Nightmare's Dawn,Creature,Paradwyn,4,Common,
Rala Tail,Nightmare's Dawn,Relic,Paradwyn,0,Uncommon,
Rask,Voice of the Storms,Creature,Nar,2,Uncommon,Restricted
Rask Deserter,Traitor's Reach,Creature,Nar,2,Common,
Raveled Drush,Nightmare's Dawn,Creature,Core,4,Uncommon,Restricted
Raxis,Unlimited,Creature,Cald,4,Rare,Restricted
Rayalon,Dream's End,Creature,Arderial,6,Rare,Restricted
Rayje,Nightmare's Dawn,Magi,Universal,15,Rare,
Rayje's Band,Awakening,Relic,Universal,0,Rare,
Rayje's Belt,Awakening,Relic,Universal,0,Rare,
Rayje's Belt,Promo,Relic,Universal,0,Limited,
Rayje's Boots,Awakening,Relic,Universal,0,Rare,
Rayje's Cloak,Dream's End,Relic,Universal,2,Common,
Rayje's Construct,Promo,Creature,Universal,12,Limited,
Rayje's Shield,Promo,Relic,Universal,2,Limited,Restricted
Rayje's Sword,Dream's End,Relic,Universal,0,Common,
Reality Anchor,Voice of the Storms,Relic,Universal,1,Common,Restricted
Redream,Voice of the Storms,Spell,d'Resh,3,Rare,Restricted
Reef Hyren,Awakening,Creature,Orothe,5,Rare,
Refract,Voice of the Storms,Spell,Nar,1,Rare,Restricted
Rehlya,Voice of the Storms,Magi,Weave,16,Uncommon,Restricted
Rejuvenate,Promo,Spell,Universal,2,Limited,Restricted
Relic Mirror,Unlimited,Relic,Universal,0,Uncommon,
Relic Stalker,Unlimited,Relic,Universal,0,Common,Restricted
Remember Ring,Traitor's Reach,Relic,Naroom,3,Rare,
Renegade Epik,Traitor's Reach,Creature,Arderial,2,Common,
Resonate,Awakening,Spell,Underneath,1,Common,Restricted
Ring of Secrets,Unlimited,Relic,Universal,0,Uncommon,
Ripcurl,Traitor's Reach,Spell,Orothe,4,Rare,
Ripple,Voice of the Storms,Spell,Orothe,1,Common,Restricted
Riptide,Dream's End,Spell,Orothe,2,Uncommon,
Risha,Voice of the Storms,Magi - Seventh Oracle,d'Resh,16,Uncommon,
Ritual Spear (KT),Nightmare's Dawn,Relic,Kybar's Teeth/Weave,2,Rare,
Ritual Spear (WV),Nightmare's Dawn,Relic,Weave/Kybar's Teeth,2,Rare,
River Abaquist (OR),Nightmare's Dawn,Creature,Orothe/Paradwyn,3,Common,
River Abaquist (PW),Nightmare's Dawn,Creature,Paradwyn/Orothe,3,Common,
Roar,Dream's End,Spell,Kybar's Teeth,2,Common,Restricted
Robe of Petals,Nightmare's Dawn,Relic,Paradwyn,0,Common,Restricted
Robe of Vines,Unlimited,Relic,Naroom,0,Uncommon,Restricted
Robes of the Ages,Unlimited,Relic,Universal,0,Uncommon,Restricted
Rock Arboll,Voice of the Storms,Creature,Kybar's Teeth,4,Common,Restricted
Rock Hyren,Awakening,Creature,Kybar's Teeth,11,Rare,Restricted
Rock Hyren,Dream's End,Creature,Kybar's Teeth,11,Rare,Restricted
Rock Silth (CD),Voice of the Storms,Creature,Cald/Kybar's Teeth,11,Rare,
Rock Silth (KT),Voice of the Storms,Creature,Kybar's Teeth/Cald,11,Rare,
Rock Slide,Dream's End,Spell,Kybar's Teeth,5,Uncommon,Restricted
Rock Yajo (KT),Nightmare's Dawn,Creature,Kybar's Teeth/Weave,2,Common,
Rock Yajo (WV),Nightmare's Dawn,Creature,Weave/Kybar's Teeth,2,Common,
Rockslide Hyren,Nightmare's Dawn,Creature,Kybar's Teeth,7,Rare,Restricted
Rod of Coals,Unlimited,Relic,Cald,0,Rare,Restricted
Rokarum,Voice of the Storms,Creature,Kybar's Teeth,5,Common,Restricted
Rolling Baldar,Traitor's Reach,Creature,Kybar's Teeth,5,Rare,
Rot Arboll,Traitor's Reach,Creature,Bograth,2,Rare,
Rous (BG),Voice of the Storms,Creature,Bograth/Core,3,Rare,Restricted
Rous (CR),Voice of the Storms,Creature,Core/Bograth,3,Rare,Restricted
Rudwot,Unlimited,Creature,Naroom,3,Uncommon,Restricted
Ruid,Nightmare's Dawn,Creature,Bograth,2,Uncommon,Restricted
Rumble Stones,Traitor's Reach,Relic,Underneath,1,Rare,
Sabertooth Jumbor (NM),Nightmare's Dawn,Creature,Naroom/Weave,5,Common,
Sabertooth Jumbor (WV),Nightmare's Dawn,Creature,Weave/Naroom,5,Common,
Sagawal,Dream's End,Creature,Kybar's Teeth,3,Uncommon,Restricted
Sagaweave,Voice of the Storms,Creature,Weave,3,Common,Restricted
Saitorr,Voice of the Storms,Creature,Nar,3,Rare,Restricted
Saladarit (CD),Nightmare's Dawn,Creature,Cald/Orothe,6,Rare,
Saladarit (OR),Nightmare's Dawn,Creature,Orothe/Cald,6,Rare,
Salafy,Nightmare's Dawn,Magi - Woodskeeper,Naroom,10,Rare,Restricted
Salara,Traitor's Reach,Magi,d'Resh,14,Uncommon,
Sand Cape,Voice of the Storms,Relic,d'Resh,2,Rare,Restricted
Sand Hyren,Voice of the Storms,Creature,d'Resh,7,Rare,
Sand Hyren (ND),Nightmare's Dawn,Creature,d'Resh,7,Rare,
Sand Sark,Traitor's Reach,Creature,d'Resh,4,Common,
Sand Strands (DR),Nightmare's Dawn,Relic,d'Resh/Weave,0,Rare,
Sand Strands (WV),Nightmare's Dawn,Relic,Weave/d'Resh,0,Rare,
Sandshape,Voice of the Storms,Spell,d'Resh,1,Rare,Restricted
Sandsifter,Voice of the Storms,Creature - First Oracle,d'Resh,10,Uncommon,
Sandsinger,Voice of the Storms,Creature - Third Oracle,d'Resh,4,Uncommon,
Sandstone Hyren (DR),Voice of the Storms,Creature,d'Resh/Kybar's Teeth,9,Rare,Restricted
Sandstone Hyren (KT),Voice of the Storms,Creature,Kybar's Teeth/d'Resh,9,Rare,Restricted
Sandstorm Orshaa (AR),Voice of the Storms,Creature - Illusion,Arderial/d'Resh,8,Rare,Restricted
Sandstorm Orshaa (DR),Voice of the Storms,Creature - Illusion,d'Resh/Arderial,8,Rare,Restricted
Sandstorm Xyx,Voice of the Storms,Creature,d'Resh,4,Common,Restricted
Sandswirl (AR),Nightmare's Dawn,Spell,Arderial/d'Resh,X,Common,
Sandswirl (DR),Nightmare's Dawn,Spell,d'Resh/Arderial,X,Common,
Sandtrap,Traitor's Reach,Spell,d'Resh,1,Common,
Sap of Life,Unlimited,Spell,Naroom,3,Rare,
Sarazen Guard,Awakening,Creature,Orothe,8,Rare,Restricted
Sarazen Keeper (OR),Voice of the Storms,Creature,Orothe/Underneath,6,Rare,Restricted
Sarazen Keeper (UD),Voice of the Storms,Creature,Underneath/Orothe,6,Rare,Restricted
Sarazen Outcast,Nightmare's Dawn,Creature,Bograth,3,Common,Restricted
Sareb ,Voice of the Storms,Creature,d'Resh,3,Uncommon,Restricted
Sarf,Voice of the Storms,Creature,Nar,2,Common,Restricted
Sawgrass,Dream's End,Spell,Weave,5,Uncommon,Restricted
Scarletsong Banner,Traitor's Reach,Relic,Paradwyn,2,Rare,
Scarletsong Hwit,Nightmare's Dawn,Creature,Paradwyn,2,Common,Restricted
Scarletsong Lahalou,Traitor's Reach,Creature,Paradwyn,2,Uncommon,
Scarletsong Lilt,Traitor's Reach,Spell,Paradwyn,2,Common,
Scarletsong's Trill,Nightmare's Dawn,Spell,Paradwyn,2,Common,Restricted
Scout Bungaloo (NM),Nightmare's Dawn,Creature,Naroom/Weave,3,Common,Restricted
Scout Bungaloo (WV),Nightmare's Dawn,Creature,Weave/Naroom,3,Common,Restricted
Scroll of Fire,Unlimited,Relic,Cald,0,Rare,Restricted
Scurrying Weggit,Traitor's Reach,Creature,Weave,2,Common,
Scyalla,Nightmare's Dawn,Magi - Weavekeeper,Weave,12,Rare,
Sea Barl,Unlimited,Creature,Orothe,4,Common,Restricted
Searing Touch,Dream's End,Spell,Cald,3,Uncommon,
Seaweed Lascinth (OR),Nightmare's Dawn,Creature,Orothe/Weave,5,Uncommon,Restricted
Seaweed Lascinth (WV),Nightmare's Dawn,Creature,Weave/Orothe,5,Uncommon,Restricted
Secrets of the Book,Dream's End,Relic,Core,0,Uncommon,Restricted
Sellia,Traitor's Reach,Magi,Orothe,15,Uncommon,
Severos,Voice of the Storms,Creature,Core,6,Common,Restricted
Shadow Bones,Awakening,Relic,Core,0,Uncommon,Restricted
Shadow Cloak,Awakening,Relic,Core,0,Rare,
Shadow Dryte,Traitor's Reach,Creature,Core,5,Common,
Shadow Fird,Traitor's Reach,Creature,Core,1,Common,
Shadow Hyren,Voice of the Storms,Creature,Core,7,Rare,Restricted
Shadow Rain,Awakening,Spell,Core,2,Common,
Shadow Ritual,Voice of the Storms,Spell,Core,2,Common,Restricted
Shadow Vinoc,Awakening,Creature,Core,4,Common,Restricted
Shaper's Apprentice (KT),Nightmare's Dawn,Magi - Alternate Whall,Kybar's Teeth/Orothe,12,Rare,
Shaper's Apprentice (OR),Nightmare's Dawn,Magi - Alternate Whall,Orothe/Kybar's Teeth,12,Rare,
Shard of the Great Fossil,Nightmare's Dawn,Relic,Kybar's Teeth,2,Rare,Restricted
Shattering Wind,Voice of the Storms,Spell,Nar,3,Common,Restricted
Shattershards,Voice of the Storms,Spell,Nar,1,Common,Restricted
Sheath,Dream's End,Spell,Weave,3,Uncommon,
Shell,Dream's End,Spell,Orothe,2,Common,
Shimmer,Unlimited,Magi,Arderial,12,Uncommon,Restricted
Shimmering Orshaa,Voice of the Storms,Creature - Illusion,d'Resh,8,Rare,Restricted
Shivara,Promo,Magi,Arderial,12,Limited,
Shock Ring,Traitor's Reach,Relic - Alternate Storm Ring,Arderial,1,Rare,
Shock Vashp,Dream's End,Creature,Arderial,2,Common,Restricted
Shockwave,Unlimited,Spell,Arderial,3,Uncommon,Restricted
Shockwave (PR),Promo,Spell,Arderial,5,Limited,Restricted
Shooting Star,Unlimited,Spell,Arderial,1,Common,Restricted
Shrink,Voice of the Storms,Spell,Arderial,2,Common,Restricted
Shroud of the Master,Traitor's Reach,Relic,Core,3,Rare,
Shryque,Awakening,Creature,Core,2,Common,Restricted
Sikra (DR),Nightmare's Dawn,Creature - Illusion,d'Resh/Underneath,6,Rare,Restricted
Sikra (UD),Nightmare's Dawn,Creature - Illusion,Underneath/d'Resh,6,Rare,Restricted
Silth Giant,Dream's End,Creature,Cald,10,Rare,Restricted
Sinder,Unlimited,Magi,Cald,12,Uncommon,Restricted
"Sinder, Apprentice",Traitor's Reach,Magi - Alternate Sinder,Cald,13,Rare,
Sinder's Mantle,Awakening,Relic,Cald,1,Rare,Restricted
Singed Pride,Traitor's Reach,Spell,Cald,1,Rare,
Sive,Traitor's Reach,Magi,Naroom,13,Uncommon,
Skullek,Voice of the Storms,Creature,d'Resh,3,Common,Restricted
Slarnath,Nightmare's Dawn,Creature,Bograth,3,Common,Restricted
Slime Stone (BG),Nightmare's Dawn,Relic,Bograth/Kybar's Teeth,0,Uncommon,
Slime Stone (KT),Nightmare's Dawn,Relic,Kybar's Teeth/Bograth,0,Uncommon,
Slinking Greal,Traitor's Reach,Creature,Core,2,Common,
Smoke Xyx,Dream's End,Creature,Cald,4,Rare,Restricted
Snag Arboll,Traitor's Reach,Creature,Naroom,3,Uncommon,
Snare,Voice of the Storms,Spell,Paradwyn,1,Common,
Sneak Attack (BG),Nightmare's Dawn,Spell,Bograth/Paradwyn,3,Rare,
Sneak Attack (PW),Nightmare's Dawn,Spell,Paradwyn/Bograth,3,Rare,
Sneaky Weebo,Traitor's Reach,Creature,Naroom,2,Common,
Snow Barl Pup,Voice of the Storms,Creature,Nar,4,Uncommon,
Snow Hyren,Voice of the Storms,Creature,Nar,8,Rare,Restricted
Snowball,Voice of the Storms,Spell,Nar,3,Rare,
Solar Flare,Awakening,Spell,Arderial,4,Common,
Sorreah,Awakening,Magi,Arderial,13,Rare,Restricted
Sorreah's Dream,Dream's End,Spell,Arderial,X,Common,
Sorrowing Ogar,Dream's End,Magi,Underneath,15,Rare,
Spark,Traitor's Reach,Spell,Cald,1,Common,
Spark Chogo,Voice of the Storms,Creature,Cald,2,Common,Restricted
Speag,Dream's End,Creature,Weave,2,Common,Restricted
Speag Sprouts,Traitor's Reach,Creature,Weave,2,Common,
Spectral Shield,Awakening,Spell,Universal,1,Common,
Spell Pulse,Nightmare's Dawn,Spell,Paradwyn,2,Rare,Restricted
Sperri,Awakening,Magi,Naroom,12,Rare,Restricted
Sphor,Unlimited,Creature,Orothe,2,Common,Restricted
Sphor Charm,Traitor's Reach,Relic,Orothe,1,Uncommon,
Spined Hyren,Voice of the Storms,Creature,d'Resh,6,Rare,Restricted
Spirit Drain (BG),Nightmare's Dawn,Spell,Bograth/Paradwyn,3,Common,Restricted
Spirit Drain (PW),Nightmare's Dawn,Spell,Paradwyn/Bograth,3,Common,Restricted
Spirit of Arderial,Voice of the Storms,Spell,Arderial,0,Uncommon,
Spirit of Bograth,Voice of the Storms,Spell,Bograth,0,Common,
Spirit of Cald,Voice of the Storms,Spell,Cald,0,Uncommon,
Spirit of Nar,Voice of the Storms,Spell,Nar,0,Uncommon,
Spirit of Naroom,Voice of the Storms,Spell,Naroom,0,Uncommon,
Spirit of Ombor,Voice of the Storms,Spell,Underneath,0,Uncommon,
Spirit of Orothe,Voice of the Storms,Spell,Orothe,0,Common,
Spirit of Paradwyn,Voice of the Storms,Spell,Paradwyn,0,Common,
Spirit of Rayje,Voice of the Storms,Spell,Universal,0,Common,
Spirit of the Core,Voice of the Storms,Spell,Core,0,Uncommon,
Spirit of the Flame,Unlimited,Spell,Cald,1,Rare,Restricted
Spirit of the Teeth,Voice of the Storms,Spell,Kybar's Teeth,0,Uncommon,
Spirit of the Weave,Voice of the Storms,Spell,Weave,0,Uncommon,
Spore Vashp,Dream's End,Creature,Underneath,3,Rare,Restricted
Spray Narth (AR),Nightmare's Dawn,Creature,Arderial/Orothe,3,Uncommon,
Spray Narth (OR),Nightmare's Dawn,Creature,Orothe/Arderial,3,Uncommon,
Sprout,Voice of the Storms,Spell,Weave,2,Common,Restricted
Sqwik,Traitor's Reach,Magi,Paradwyn,13,Uncommon,
Staff of Hyren,Unlimited,Relic,Universal,0,Common,Restricted
Staff of Keepers,Dream's End,Relic,Universal,0,Common,Restricted
Staff of Korrits,Unlimited,Relic,Underneath,0,Rare,Restricted
Staff of Vines,Nightmare's Dawn,Relic,Paradwyn,0,Rare,
Stagadan,Unlimited,Creature,Naroom,3,Rare,Restricted
Stagadan Charger,Traitor's Reach,Creature,Naroom,4,Common,
Stalk,Nightmare's Dawn,Spell,Paradwyn,1,Common,Restricted
Stalker's Boots,Nightmare's Dawn,Relic,Paradwyn,0,Rare,Restricted
Stand and Take It,Voice of the Storms,Spell,Kybar's Teeth,1,Common,Restricted
Starlight's Genesis,Traitor's Reach,Spell,Arderial,0,Common,
Statement of Core Values (BG),Nightmare's Dawn,Relic,Bograth/Core,2,Rare,Restricted
Statement of Core Values (CR),Nightmare's Dawn,Relic,Core/Bograth,2,Rare,Restricted
Stealth,Dream's End,Spell,Core,3,Common,Restricted
Stone Quor,Dream's End,Creature,Kybar's Teeth,8,Common,Restricted
Stone Storm,Dream's End,Spell,Kybar's Teeth,X+3,Rare,Restricted
Storm Cloud,Unlimited,Spell,Arderial,3,Rare,Restricted
Storm of Fishes,Awakening,Spell,Orothe,2,Common,
Storm Ring,Unlimited,Relic,Arderial,0,Rare,Restricted
Storm Shield,Dream's End,Relic,Arderial,0,Rare,Restricted
Storm Wings,Voice of the Storms,Relic,Arderial,3,Uncommon,Restricted
Stradus,Unlimited,Magi,Arderial,12,Uncommon,Restricted
Strag,Unlimited,Magi,Underneath,13,Uncommon,Restricted
Strag's Claws,Nightmare's Dawn,Relic,Underneath,2,Uncommon,Restricted
Strag's Ring,Promo,Relic,Underneath,0,Limited,
Striped Korrit (UD),Nightmare's Dawn,Creature,Underneath/Weave,4,Rare,Restricted
Striped Korrit (WV),Nightmare's Dawn,Creature,Weave/Underneath,4,Rare,Restricted
Stubborn Chogus,Traitor's Reach,Creature,Kybar's Teeth,4,Uncommon,
Stumbling Junjertrug,Voice of the Storms,Creature,Weave,6,Uncommon,Restricted
Submerge,Unlimited,Spell,Orothe,2,Common,Restricted
Sulfurous Spirit,Awakening,Spell,Cald,1,Common,Restricted
Sun Glasses,Voice of the Storms,Relic,d'Resh,1,Common,Restricted
Sunbeam's End,Traitor's Reach,Spell,Arderial,0,Common,
Sunburn,Voice of the Storms,Spell,d'Resh,2,Common,
Sunglare Celphet,Voice of the Storms,Creature,Nar,3,Uncommon,Restricted
Surf Diel,Voice of the Storms,Creature,Orothe,1,Common,Restricted
Swamp Hyren,Nightmare's Dawn,Creature,Bograth,8,Rare,Restricted
Swamp Hyren,Dream's End,Creature,Bograth,8,Rare,Restricted
Swamp Moga,Voice of the Storms,Creature,Bograth,5,Rare,Restricted
Swamp Weebo,Nightmare's Dawn,Creature,Bograth,2,Uncommon,Restricted
Swirling Orshaa,Voice of the Storms,Creature - Illusion,d'Resh,6,Rare,
Sylorum,Voice of the Storms,Creature,Orothe,6,Common,Restricted
Syphon Stone,Unlimited,Relic,Universal,0,Common,Restricted
Syphon Vortex,Unlimited,Spell,Cald,X+4,Uncommon,Restricted
Syre,Dream's End,Creature,Underneath,3,Common,
Szalak,Awakening,Creature,Core,4,Common,Restricted
Szhar,Voice of the Storms,Creature - Recurring,d'Resh,5,Common,Restricted
Taglat (BG),Nightmare's Dawn,Creature,Bograth/Paradwyn,5,Common,
Taglat (PW),Nightmare's Dawn,Creature,Paradwyn/Bograth,5,Common,
Taisa (PW),Nightmare's Dawn,Magi,Paradwyn/Weave,15,Uncommon,
Taisa (WV),Nightmare's Dawn,Magi,Weave/Paradwyn,15,Uncommon,
Tal'ik,Traitor's Reach,Magi,Kybar's Teeth,19,Uncommon,
Tap Roots,Unlimited,Spell,Naroom,3,Common,Restricted
Tar Hyren (BG),Nightmare's Dawn,Creature,Bograth/Core,6,Rare,
Tar Hyren (CR),Nightmare's Dawn,Creature,Core/Bograth,6,Rare,
Targ'n,Dream's End,Magi,Kybar's Teeth,17,Rare,Restricted
T'Dek,Traitor's Reach,Magi,Naroom,15,Uncommon,
Tempest Hyren,Promo,Creature,Arderial,7,Limited,
Terkoz,Voice of the Storms,Creature,Paradwyn,3,Common,Restricted
Terrorize,Awakening,Spell,Core,4,Uncommon,Restricted
Thast,Voice of the Storms,Magi,Nar,15,Rare,Restricted
The Dark Twins,Promo,Naroom Shadow Magi - Alternate Hrada,Core,26,Limited,
The Hunt,Dream's End,Spell,Weave,1,Common,Restricted
The Last Words (CD),Nightmare's Dawn,Relic - Alternate Scroll of Fire,Cald/Orothe,2,Rare,
The Last Words (OR),Nightmare's Dawn,Relic - Alternate Scroll of Fire,Orothe/Cald,2,Rare,
The Prankster,Promo,Magi - Alternate Jagt,Kybar's Teeth,14,Limited,
The Real Qwade,Voice of the Storms,Orothe Shadow Magi,Core,20,Uncommon,
Thermal Blast,Unlimited,Spell,Cald,3,Common,Restricted
Thin Ice,Voice of the Storms,Spell,Nar,3,Common,Restricted
Thoughtful Baldar,Voice of the Storms,Creature,Kybar's Teeth,7,Uncommon,Restricted
Three-Leaf Clover (PW),Voice of the Storms,Relic,Paradwyn/Weave,1,Rare,Restricted
Three-Leaf Clover (WV),Voice of the Storms,Relic,Weave/Paradwyn,1,Rare,Restricted
Thresh,Voice of the Storms,Creature,Weave,4,Common,Restricted
Thrybe,Voice of the Storms,Creature,d'Resh,1,Common,
Thunder Hyren,Unlimited,Creature,Arderial,7,Rare,Restricted
Thunder Vashp,Unlimited,Creature,Arderial,2,Common,Restricted
Thunderquake,Unlimited,Spell,Underneath,X,Rare,Restricted
Thunderquake (PR),Promo,Spell,Underneath,X,Limited,Restricted
Tidal Karak,Voice of the Storms,Creature,Orothe,3,Common,Restricted
Tidal Wave,Unlimited,Spell,Orothe,6,Uncommon,Restricted
Tillant,Awakening,Creature,Naroom,6,Uncommon,Restricted
Tiller,Awakening,Magi,Naroom,15,Rare,Restricted
Timber Hyren,Unlimited,Creature,Naroom,7,Rare,
Tithragar,Voice of the Storms,Creature,Nar,5,Uncommon,Restricted
T'kanzam,Nightmare's Dawn,Creature,Paradwyn,4,Common,Restricted
T'lok,Nightmare's Dawn,Magi,Kybar's Teeth,16,Uncommon,Restricted
"T'Lok, Traitor",Traitor's Reach,Kybar's Teeth Shadow Magi - Alternate T'Lok,Core,14,Uncommon,
Toasted Yajo,Traitor's Reach,Creature,Weave,3,Rare,
Togoth,Nightmare's Dawn,Magi,Core,15,Rare,
Tomes of the Great Library (CR),Nightmare's Dawn,Relic,Core/Naroom,2,Rare,
Tomes of the Great Library (NM),Nightmare's Dawn,Relic,Naroom/Core,2,Rare,
Tomorrow's Jewel,Dream's End,Relic,Universal,1,Common,Restricted
Tony at a Con,Promo,Magi,Universal,12,Limited,
Tony Jones,Promo,Magi,Universal,10,Limited,
Topple,Traitor's Reach,Spell,Kybar's Teeth,2,Rare,
Torpar (BG),Voice of the Storms,Creature,Bograth/Paradwyn,3,Rare,Restricted
Torpar (PW),Voice of the Storms,Creature,Paradwyn/Bograth,3,Rare,Restricted
Tradewinds,Voice of the Storms,Spell,Arderial,2,Common,Restricted
Tragan,Awakening,Creature,Core,6,Common,
Tranquility,Awakening,Spell,Arderial,2,Common,
Trask,Awakening,Creature,Core,4,Common,Restricted
Traveling Healer (CD),Voice of the Storms,Magi,Cald/Kybar's Teeth,13,Rare,
Traveling Healer (KT),Voice of the Storms,Magi,Kybar's Teeth/Cald,13,Rare,
Tree Hinko,Awakening,Creature,Naroom,2,Common,Restricted
Treepsh (BG),Nightmare's Dawn,Creature,Bograth/Paradwyn,2,Common,
Treepsh (PW),Nightmare's Dawn,Creature,Paradwyn/Bograth,2,Common,
Tremor Stones,Dream's End,Relic,Underneath,0,Uncommon,Restricted
Tripvine,Traitor's Reach,Relic,Paradwyn,3,Rare,
Trogovo,Voice of the Storms,Creature,Underneath,6,Uncommon,Restricted
Tropical Hyren,Nightmare's Dawn,Creature,Paradwyn,6,Rare,Restricted
Tropical Jumbor (PW),Voice of the Storms,Creature,Paradwyn/Weave,4,Rare,Restricted
Tropical Jumbor (WV),Voice of the Storms,Creature,Weave/Paradwyn,4,Rare,Restricted
Tropical Plith,Voice of the Storms,Creature,Paradwyn,4,Common,Restricted
Tropical Rain,Nightmare's Dawn,Spell,Paradwyn,2,Common,
Tropical Vinoc,Nightmare's Dawn,Creature - Jungle Stalker,Paradwyn,4,Rare,Restricted
Trug,Unlimited,Magi,Underneath,9,Rare,
Trulb,Nightmare's Dawn,Creature,Bograth,1,Common,Restricted
Trulb Bracelet,Traitor's Reach,Relic,Bograth,2,Common,
Trulb Horde,Nightmare's Dawn,Spell,Bograth,1,Uncommon,Restricted
Trulbble!,Traitor's Reach,Spell,Bograth,2,Common,
Trygar,Awakening,Magi,Underneath,12,Rare,
Trygar's Will,Voice of the Storms,Relic,Underneath,1,Uncommon,Restricted
Tryn,Unlimited,Magi,Naroom,14,Uncommon,Restricted
Tryn Flame-Saver (CD),Nightmare's Dawn,Magi,Cald/Naroom,12,Rare,
Tryn Flame-Saver (NM),Nightmare's Dawn,Magi,Naroom/Cald,12,Rare,
Tuk Berries,Dream's End,Relic,Weave,0,Uncommon,Restricted
Tuku,Promo,Magi,Universal,12,Limited,Restricted
Tunnel,Voice of the Storms,Spell,Underneath,1,Common,
Tunnel Hyren,Awakening,Creature,Underneath,9,Rare,
Tunnel Parmalag (KT),Nightmare's Dawn,Creature,Kybar's Teeth/Underneath,8,Common,Restricted
Tunnel Parmalag (UD),Nightmare's Dawn,Creature,Underneath/Kybar's Teeth,8,Common,Restricted
Tunneler's Boots,Awakening,Relic,Underneath,0,Rare,
Turn,Awakening,Spell,Core,X+5,Common,Restricted
Tweave,Dream's End,Creature,Weave,1,Uncommon,Restricted
Twee,Unlimited,Creature,Naroom,1,Rare,Restricted
Twisted Dreams,Traitor's Reach,Spell,Core,2,Uncommon,
Twunk,Voice of the Storms,Creature,Naroom,4,Common,Restricted
Typhoon,Unlimited,Spell,Orothe,8,Rare,
Uban,Voice of the Storms,Creature - Recurring,d'Resh,2,Common,Restricted
Ugger,Awakening,Creature,Core,3,Rare,Restricted
Ulk,Unlimited,Magi,Underneath,12,Rare,Restricted
"Ulk, Prodigy",Traitor's Reach,Magi - Alternate Ulk,Underneath,15,Rare,
Ullig,Dream's End,Magi,Kybar's Teeth,20,Uncommon,Restricted
Ullig's Ring,Promo,Relic,Kybar's Teeth,0,Limited,
Ullig's Slingshot,Dream's End,Relic,Kybar's Teeth,0,Rare,
Ulmi,Traitor's Reach,Magi,Underneath,13,Uncommon,
Umbu,Voice of the Storms,Creature,Bograth,2,Common,
Underlord's Shield,Awakening,Relic,Underneath,0,Uncommon,
Underneath Shadow Geyser,Dream's End,Spell,Core,5,Rare,
Undertow,Unlimited,Spell,Orothe,5,Uncommon,Restricted
Une's Scale,Traitor's Reach,Relic,Universal,1,Common,
Unmake (DR),Voice of the Storms,Spell,d'Resh/Underneath,X,Rare,Restricted
Unmake (UD),Voice of the Storms,Spell,Underneath/d'Resh,X,Rare,Restricted
Updraft,Unlimited,Spell,Arderial,1,Common,
Urhail,Dream's End,Creature,Underneath,7,Uncommon,
Urigant (KT),Nightmare's Dawn,Creature,Kybar's Teeth/Underneath,5,Common,
Urigant (UD),Nightmare's Dawn,Creature,Underneath/Kybar's Teeth,5,Common,
Ushi,Traitor's Reach,Magi,Weave,14,Uncommon,
Ust,Voice of the Storms,Magi,Nar,8,Rare,Restricted
Uwamar,Dream's End,Creature,Weave,3,Common,Restricted
Uwamar Beads,Dream's End,Relic,Weave,0,Common,Restricted
Vaal,Unlimited,Creature,Cald,3,Rare,Restricted
Valkan,Unlimited,Magi,Cald,12,Uncommon,Restricted
Vaporize,Dream's End,Spell,Core,3,Common,Restricted
Vard,Voice of the Storms,Creature,Bograth,2,Common,Restricted
Vard Stampede,Nightmare's Dawn,Spell,Bograth,2,Uncommon,Restricted
Vault of Knowledge Key,Nightmare's Dawn,Relic,Orothe,2,Uncommon,
Vellup,Unlimited,Creature,Arderial,2,Rare,
Velouria,Voice of the Storms,Magi,Nar,14,Uncommon,
Vemment,Awakening,Creature,Arderial,4,Common,Restricted
Ven,Awakening,Magi,Cald,14,Rare,Restricted
Venger,Voice of the Storms,Creature - Recurring,d'Resh,2,Uncommon,Restricted
Venomous Korrit,Traitor's Reach,Creature,Underneath,2,Common,
Verdant Shield,Traitor's Reach,Spell,Naroom,1,Common,
Vertigo,Dream's End,Spell,Kybar's Teeth,2,Rare,
Vim and Vigor,Dream's End,Spell,Naroom,4,Common,
Vine Bhatar,Traitor's Reach,Creature - Jungle Stalker,Paradwyn,3,Common,
Vine Hyren,Nightmare's Dawn,Creature,Paradwyn,7,Uncommon,Restricted
Vinoc,Unlimited,Creature,Naroom,3,Common,Restricted
Voda,Awakening,Magi,Orothe,14,Rare,Restricted
Vogo,Dream's End,Creature,Kybar's Teeth,6,Rare,Restricted
Voice of the Storm (AR),Nightmare's Dawn,Magi - Alternate Orthea,Arderial/Orothe,13,Uncommon,
Voice of the Storm (OR),Nightmare's Dawn,Magi - Alternate Orothea,Orothe/Arderial,13,Uncommon,
Voice of the Storms,Promo,Spell,Universal,2,Limited,
Void Stone,Voice of the Storms,Relic,Nar,1,Uncommon,
Volcano Hyren,Promo,Creature,Cald,7,Limited,
Volt Shield,Traitor's Reach,Spell,Arderial,2,Uncommon,
Vopok,Voice of the Storms,Creature,Kybar's Teeth,4,Uncommon,Restricted
Vorga,Dream's End,Magi,Cald,13,Uncommon,Restricted
Vortex of Knowledge,Unlimited,Spell,Naroom,1,Uncommon,Restricted
Vrak,Voice of the Storms,Creature,Nar,4,Common,Restricted
Vrill,Awakening,Creature,Core,4,Rare,Restricted
Vulbor,Unlimited,Creature,Underneath,3,Rare,
Vuryip,Dream's End,Creature,Weave,6,Common,Restricted
Wandering Balamant,Traitor's Reach,Creature,Naroom,6,Common,
Warlum,Awakening,Creature,Arderial,3,Rare,Restricted
Warrada,Awakening,Naroom Shadow Magi,Core,12,Uncommon,Restricted
Warrada's Ring,Nightmare's Dawn,Relic,Core,0,Uncommon,
Warrior Olum,Voice of the Storms,Creature,d'Resh,6,Common,Restricted
Warrior's Boots,Unlimited,Relic,Universal,0,Uncommon,Restricted
Warrior's Boots,Promo,Relic,Universal,0,Limited,Restricted
Wasperine,Awakening,Creature,Naroom,3,Rare,Restricted
Wasperine Stalker (NM),Voice of the Storms,Creature,Naroom/Nar,3,Rare,Restricted
Wasperine Stalker (NR),Voice of the Storms,Creature,Nar/Naroom,3,Rare,Restricted
Water of Life,Unlimited,Relic,Universal,0,Uncommon,Restricted
Weave Arboll,Traitor's Reach,Creature,Weave,3,Uncommon,
Weave Hut,Dream's End,Relic,Weave,0,Uncommon,Restricted
Weave Hyren,Dream's End,Creature,Weave,8,Rare,Restricted
Weave Hyren (AW),Awakening,Creature,Weave,8,Rare,Restricted
Weave Mat,Dream's End,Relic,Weave,2,Rare,Restricted
Weave Maul,Traitor's Reach,Relic,Weave,1,Rare,
Weave Mind,Dream's End,Spell,Weave,1,Rare,Restricted
Weave Powder,Dream's End,Relic,Weave,0,Rare,Restricted
Weave Seed,Voice of the Storms,Spell,Weave,5,Common,Restricted
Weave Winds,Dream's End,Spell,Weave,6,Rare,
Weave-woven Anklet,Traitor's Reach,Relic,Weave,2,Common,
Weebat,Awakening,Creature,Underneath,3,Common,Restricted
Weeblit,Awakening,Relic,Naroom,0,Common,
Weebo,Unlimited,Creature,Naroom,2,Common,Restricted
Weed Hyren (PW),Nightmare's Dawn,Creature,Paradwyn/Weave,6,Rare,Restricted
Weed Hyren (WV),Nightmare's Dawn,Creature,Weave/Paradwyn,6,Rare,Restricted
Weethan,Awakening,Creature,Orothe,2,Rare,Restricted
Weggit,Dream's End,Creature,Weave,3,Common,Restricted
Wellisk,Unlimited,Creature,Orothe,3,Common,Restricted
Wellisk Pup,Unlimited,Creature,Orothe,2,Common,Restricted
Wence,Unlimited,Magi,Naroom,10,Rare,Restricted
Wence the Wanderer (NM),Voice of the Storms,Magi,Naroom/Weave,11,Rare,
Wence the Wanderer (WV),Voice of the Storms,Magi,Weave/Naroom,11,Rare,
Wence's Travelog (NM),Voice of the Storms,Relic,Naroom/Weave,0,Rare,Restricted
Wence's Travelog (WV),Voice of the Storms,Relic,Weave/Naroom,0,Rare,Restricted
Wessig,Dream's End,Magi,Kybar's Teeth,13,Uncommon,
Whall,Unlimited,Magi,Orothe,10,Uncommon,Restricted
Whilp,Traitor's Reach,Magi,Bograth,12,Uncommon,
Whiteout,Voice of the Storms,Spell,Nar,1,Rare,Restricted
Wiep,Nightmare's Dawn,Magi,Bograth,15,Uncommon,Restricted
Wildfire,Awakening,Spell,Cald,5,Rare,Restricted
Will of Orothe,Unlimited,Spell,Orothe,6,Rare,
Wind Hyren (AR),Voice of the Storms,Creature,Arderial/d'Resh,7,Rare,Restricted
Wind Hyren (DR),Voice of the Storms,Creature,d'Resh/Arderial,7,Rare,Restricted
Wither Twee,Traitor's Reach,Creature,Bograth,2,Uncommon,
Woot!,Nightmare's Dawn,Magi,Naroom,15,Uncommon,
Worgle,Voice of the Storms,Creature,Nar,4,Uncommon,Restricted
Wudge,Awakening,Creature,Core,1,Common,Restricted
Wyle,Voice of the Storms,Creature,Arderial,4,Common,
Xala,Voice of the Storms,Creature - Illusion,d'Resh,8,Rare,
Xamf,Dream's End,Creature,Kybar's Teeth,5,Common,Restricted
Xandia,Traitor's Reach,Magi,Cald,14,Uncommon,
Xyx,Unlimited,Creature,Arderial,3,Common,Restricted
Xyx Elder,Unlimited,Creature,Arderial,6,Uncommon,Restricted
Xyx Minor,Unlimited,Creature,Arderial,2,Common,Restricted
Yajo,Dream's End,Creature,Weave,3,Common,Restricted
Yaki,Unlimited,Magi,Naroom,14,Uncommon,Restricted
"Yaki, Core Stalker",Voice of the Storms,Magi,Naroom,16,Uncommon,
Yaki's Gauntlets,Nightmare's Dawn,Relic,Naroom,0,Uncommon,Restricted
Yark,Dream's End,Creature,Kybar's Teeth,5,Common,Restricted
Yark Gloves,Dream's End,Relic,Kybar's Teeth,1,Rare,Restricted
Yaromant,Voice of the Storms,Creature - Arctic,Nar,6,Rare,Restricted
Yarothis,Awakening,Creature,Arderial,8,Uncommon,Restricted
Yaw,Voice of the Storms,Creature,Nar,4,Common,Restricted
Yayek,Traitor's Reach,Weave Shadow Magi,Core,10,Uncommon,
Yebed,Dream's End,Creature,Kybar's Teeth,6,Uncommon,Restricted
Yerthe,Dream's End,Magi,Weave,14,Rare,Restricted
Yog,Nightmare's Dawn,Magi,Bograth,15,Uncommon,Restricted
Yog's Maul,Nightmare's Dawn,Relic,Bograth,0,Common,Restricted
Yollum,Awakening,Creature,Cald,6,Uncommon,Restricted
Yricho,Nightmare's Dawn,Magi,Paradwyn,16,Uncommon,Restricted
Yricho's Staff,Nightmare's Dawn,Relic,Paradwyn,0,Uncommon,Restricted
Ythra,Voice of the Storms,Magi,d'Resh,14,Uncommon,Restricted
Ythra's Mantle,Voice of the Storms,Relic,d'Resh,2,Rare,Restricted
Zajan,Dream's End,Magi,Naroom,15,Uncommon,
Zannah,Dream's End,Magi,Naroom,14,Rare,
Zassyfer,Dream's End,Creature,Weave,3,Common,Restricted
Zaya,Dream's End,Magi,Weave,16,Rare,
Zaya's Bow,Dream's End,Relic,Weave,0,Uncommon,Restricted
Zet,Promo,Magi,Core,12,Limited,
Zungg (BG),Nightmare's Dawn,Creature,Bograth/Core,1,Common,Restricted
Zungg (CR),Nightmare's Dawn,Creature,Core/Bograth,1,Common,Restricted
Zungg Swarm,Nightmare's Dawn,Spell,Bograth,6,Rare,Restricted
Zyavu,Voice of the Storms,Creature - Arctic,Nar,3,Uncommon,Restricted
Blygt's Ring,UnreleasedPromos,Relic,Bograth,0,Promo,
Cactus Hyren,UnreleasedPromos,Creature,d'Resh,7,Promo,
Canopy Hyren,UnreleasedPromos,Creature,Paradwyn,7,Promo,
Granite Hyren,UnreleasedPromos,Creature,Kybar's Teeth,7,Promo,
Sludge Hyren,UnreleasedPromos,Creature,Bograth,7,Promo,
Snag Hyren,UnreleasedPromos,Creature,Weave,7,Promo,
Sorreah Warrior,UnreleasedPromos,Magi,Arderial,14,Promo,
Traitor's Reach,UnreleasedPromos,Spell,Universal,2,Promo,
Tundra Hyren,UnreleasedPromos,Creature,Nar,7,Promo,
Twilight Mowat (CR),UnreleasedPromos,Creature,Core/d'Resh,7,Promo,
Twilight Mowat (DR),UnreleasedPromos,Creature,d'Resh/Core,7,Promo,
Caleth,UnreleasedPromos,Creature,Arderial,3,,
Giant Alaban,UnreleasedPromos,Creature,Arderial,8,,
Nimbulo_Alt,UnreleasedPromos,Magi,Arderial,14,,
Star Charm,UnreleasedPromos,Relic,Arderial,1,,
Aeroh's Blessing,UnreleasedPromos,Spell,Arderial,2,,
Grendawyn,UnreleasedPromos,Creature,Bograth,2,,
Moss Hyren,UnreleasedPromos,Creature,Bograth,7,,
Baa_Alt,UnreleasedPromos,Magi,Bograth,12,,
Olabra_Alt,UnreleasedPromos,Magi,Bograth,14,,
Grath's Gift,UnreleasedPromos,Spell,Bograth,3,,
Agrohan,UnreleasedPromos,Creature,Cald,3,,
Giant Kelthet,UnreleasedPromos,Creature,Cald,7,,
Ashgar_Alt,UnreleasedPromos,Magi,Cald,14,,
Barak_Alt,UnreleasedPromos,Magi,Cald,18,,
Molten Charm,UnreleasedPromos,Relic,Cald,1,,
Skorch's Blessing,UnreleasedPromos,Spell,Cald,2,,
Asili,UnreleasedPromos,Creature,Core,5,,
Giant Grax,UnreleasedPromos,Creature,Core,10,,
Agram_Alt,UnreleasedPromos,Magi,Core,14,,
Morag_Alt,UnreleasedPromos,Magi,Core,11,,
Taint Charm,UnreleasedPromos,Relic,Core,1,,
Grymm's Blessing,UnreleasedPromos,Spell,Core,2,,
Cef,UnreleasedPromos,Creature,d'Resh,4,,
Drajan_Alt,UnreleasedPromos,Magi,d'Resh,14,,
Harresh_Alt,UnreleasedPromos,Magi,d'Resh,14,,
Dey's Ring,UnreleasedPromos,Relic,d'Resh,0,,
Durresh's Gift,UnreleasedPromos,Spell,d'Resh,3,,
Maliwin,UnreleasedPromos,Creature,Kybar's Teeth,4,,
Kazm_Alt,UnreleasedPromos,Magi,Kybar's Teeth,14,,
Targ'n_Alt,UnreleasedPromos,Magi,Kybar's Teeth,14,,
Flint Charm,UnreleasedPromos,Relic,Kybar's Teeth,1,,
Krag's Blessing,UnreleasedPromos,Spell,Kybar's Teeth,2,,
Arith,UnreleasedPromos,Creature,Nar,5,,
Iceflow Hyren,UnreleasedPromos,Creature,Nar,5,,
Odavast_Alt,UnreleasedPromos,Magi,Nar,14,,
Velouria_Alt,UnreleasedPromos,Magi,Nar,13,,
Thast's Ring,UnreleasedPromos,Relic,Nar,0,,
Keva's Gift,UnreleasedPromos,Spell,Nar,3,,
Giant Eebit,UnreleasedPromos,Creature,Naroom,6,,
Jailin,UnreleasedPromos,Creature,Naroom,3,,
"Orwin, Elder",UnreleasedPromos,Magi,Naroom,14,,
Tryn_Alt,UnreleasedPromos,Magi,Naroom,14,,
Elm Charm,UnreleasedPromos,Relic,Naroom,1,,
Trunnk's Blessing,UnreleasedPromos,Spell,Naroom,2,,
Giant Iximin,UnreleasedPromos,Creature,Orothe,6,,
Wimond,UnreleasedPromos,Creature,Orothe,3,,
Mobis_Alt,UnreleasedPromos,Magi,Orothe,14,,
O'Qua_Alt,UnreleasedPromos,Magi,Orothe,11,,
Coral Charm,UnreleasedPromos,Relic,Orothe,1,,
Tyde's Blessing,UnreleasedPromos,Spell,Orothe,2,,
Sevarew,UnreleasedPromos,Creature,Paradwyn,4,,
Bazha_Alt,UnreleasedPromos,Magi,Paradwyn,14,,
Ookami_Alt,UnreleasedPromos,Magi,Paradwyn,14,,
Arawan's Ring,UnreleasedPromos,Relic,Paradwyn,0,,
Mareahla's Gift,UnreleasedPromos,Spell,Paradwyn,3,,
Chinnor,UnreleasedPromos,Creature,Underneath,4,,
Crystal Yajo,UnreleasedPromos,Creature,Underneath,2,,
Giant Gum-Gum,UnreleasedPromos,Creature,Underneath,6,,
Motash_Alt,UnreleasedPromos,Magi,Underneath,14,,
Strag_Alt,UnreleasedPromos,Magi,Underneath,14,,
Spore Charm,UnreleasedPromos,Relic,Underneath,1,,
Fosfur's Blessing,UnreleasedPromos,Spell,Underneath,2,,
Cedrit,UnreleasedPromos,Creature,Universal,2,,
Omni Construct,UnreleasedPromos,Creature,Universal,7,,
Rayje_Alt,UnreleasedPromos,Magi,Universal,16,,
Mearith,UnreleasedPromos,Creature,Weave,3,,
Gia_Alt,UnreleasedPromos,Magi,Weave,16,,
Zaya_Alt,UnreleasedPromos,Magi,Weave,14,,
Iyori's Ring,UnreleasedPromos,Relic,Weave,0,,
Vieva's Gift,UnreleasedPromos,Spell,Weave,3,,
Cloud Hubram,Daybreak,Creature,Arderial,2,,
Soaring Yup,Daybreak,Creature,Arderial,1,,
Thunder Shryque,Daybreak,Creature,Arderial,3,,
Winged Furok,Daybreak,Creature,Arderial,4,,
Adis Alternate,Daybreak,Magi,Arderial,15,,
Legatus,Daybreak,Magi,Arderial,15,,
Moonbeam Bow,Daybreak,Relic,Arderial,1,,
Tempest Boomerang,Daybreak,Relic,Arderial,1,,
Chain Lightning,Daybreak,Spell,Arderial,3,,
Gust,Daybreak,Spell,Arderial,3,,
Lightning Strike,Daybreak,Spell,Arderial,6,,
Static,Daybreak,Spell,Arderial,1,,
Moss Garadan,Daybreak,Creature,Bograth,2,,
Ooze Pyder,Daybreak,Creature,Bograth,4,,
Swamp Wudge,Daybreak,Creature,Bograth,1,,
Gorb,Daybreak,Magi,Bograth,12,,
Obgren Alt,Daybreak,Magi,Bograth,13,,
Amulet of Stuff,Daybreak,Relic,Bograth,2,,
Book of Grath,Daybreak,Relic,Bograth,2,,
Robe of Muck,Daybreak,Relic,Bograth,0,,
Bleph Horde,Daybreak,Spell,Bograth,2,,
Spawn,Daybreak,Spell,Bograth,3,,
Stuff Herd,Daybreak,Spell,Bograth,3,,
Treepsh Mob,Daybreak,Spell,Bograth,2,,
Ash Lovian,Daybreak,Creature,Cald,4,,
Blaze Moga,Daybreak,Creature,Cald,2,,
Coal Weebo,Daybreak,Creature,Cald,2,,
Firesnap Wasperine,Daybreak,Creature,Cald,1,,
Lava Orathan,Daybreak,Creature,Cald,3,,
Magma GumGum,Daybreak,Creature,Cald,3,,
Dygran,Daybreak,Magi,Cald,14,,
Greg Alt,Daybreak,Magi,Cald,15,,
Brash Knuckles,Daybreak,Relic,Cald,3,,
Heat Spear,Daybreak,Relic,Cald,2,,
Dreamburn,Daybreak,Spell,Cald,2,,
Inspire,Daybreak,Spell,Cald,1,,
Volcanic Burst,Daybreak,Spell,Cald,5,,
Core Nolio,Daybreak,Creature,Core,3,,
Unstable Rokarum,Daybreak,Creature,Core,5,,
Vile K'Teeb,Daybreak,Creature,Core,4,,
Lur,Daybreak,Magi,Core,11,,
Simreo,Daybreak,Magi,Core,13,,
Zet Alt,Daybreak,Magi,Core,9,,
Box of Greed,Daybreak,Relic,Core,0,,
Cackling Skull,Daybreak,Relic,Core,0,,
Shadow Seed,Daybreak,Relic,Core,4,,
Contaminate,Daybreak,Spell,Core,2,,
Ill Fortune,Daybreak,Spell,Core,1,,
Sacrifice,Daybreak,Spell,Core,4,,
Mirror Braggle,Daybreak,Creature - Recurring,d'Resh,4,,
Sandy Craw,Daybreak,Creature,d'Resh,3,,
Hasseth Alt,Daybreak,Magi,d'Resh,15,,
Uruk,Daybreak,Magi,d'Resh,13,,
Cactus Cloak,Daybreak,Relic,d'Resh,3,,
Dust Goggles,Daybreak,Relic,d'Resh,2,,
Olum Claws,Daybreak,Relic,d'Resh,2,,
Sand Castle,Daybreak,Relic,d'Resh,1,,
Buried Treasure,Daybreak,Spell - Recurring,d'Resh,4,,
Hallucination,Daybreak,Spell,d'Resh,3,,
Haunted Dunes,Daybreak,Spell,d'Resh,2,,
Sand Blast,Daybreak,Spell,d'Resh,3,,
Black Agrilla,Daybreak,Creature,Kybar's Teeth,5,,
Boulder Vaal,Daybreak,Creature,Kybar's Teeth,5,,
Chasm Vogo,Daybreak,Creature,Kybar's Teeth,4,,
Cliff Hubram,Daybreak,Creature,Kybar's Teeth,3,,
Kartha,Daybreak,Creature,Kybar's Teeth,5,,
Summit Furok,Daybreak,Creature,Kybar's Teeth,6,,
Koll Alt,Daybreak,Magi,Kybar's Teeth,13,,
T'Korr,Daybreak,Magi,Kybar's Teeth,16,,
Tarok,Daybreak,Magi,Kybar's Teeth,15,,
Granite Axe,Daybreak,Relic,Kybar's Teeth,2,,
Mosp Pendant,Daybreak,Relic,Kybar's Teeth,2,,
Overwhelm,Daybreak,Spell,Kybar's Teeth,3,,
Blizzard Lovian,Daybreak,Creature,Nar,3,,
Cool Stuff,Daybreak,Creature,Nar,2,,
Ice Wudge,Daybreak,Creature,Nar,1,,
Iced Twee,Daybreak,Creature,Nar,2,,
Wharska,Daybreak,Creature,Nar,3,,
Koza Alt,Daybreak,Magi,Nar,10,,
Nibowl,Daybreak,Magi,Nar,10,,
Syllik,Daybreak,Magi,Nar,10,,
Burst,Daybreak,Spell,Nar,4,,
Glaciate,Daybreak,Spell,Nar,3,,
Hail Storm,Daybreak,Spell,Nar,6,,
Snowdrift (Arctic),Daybreak,Spell,Nar,2,,
Glade Raxis,Daybreak,Creature,Naroom,2,,
Hinko Cub,Daybreak,Creature,Naroom,1,,
Hunting Moga,Daybreak,Creature,Naroom,5,,
Jhaga,Daybreak,Creature,Naroom,3,,
Leaf Vulbor,Daybreak,Creature,Naroom,3,,
Root Baldar,Daybreak,Creature,Naroom,7,,
Shrub Balamant,Daybreak,Creature,Naroom,5,,
Timber Bisiwog,Daybreak,Creature,Naroom,4,,
Wood Thresh,Daybreak,Creature,Naroom,3,,
Ohk Alt,Daybreak,Magi,Naroom,14,,
Valleya,Daybreak,Magi,Naroom,13,,
Twee Whistle,Daybreak,Relic,Naroom,2,,
Coral Weebo,Daybreak,Creature,Orothe,3,,
Nolio,Daybreak,Creature,Orothe,4,,
River Orathan,Daybreak,Creature,Orothe,2,,
Seaweed Bwisp,Daybreak,Creature,Orothe,2,,
Xano,Daybreak,Creature,Orothe,5,,
Ebylon Alt,Daybreak,Magi,Orothe,13,,
Coral Armor,Daybreak,Relic,Orothe,3,,
Karak Belt,Daybreak,Relic,Orothe,2,,
Mirror of Knowledge,Daybreak,Relic,Orothe,1,,
Orothean War-Walker,Daybreak,Relic,Orothe,2,,
Platheus Scales,Daybreak,Relic,Orothe,3,,
Ebb and Flow,Daybreak,Spell,Orothe,4,,
Bungi,Daybreak,Creature,Paradwyn,3,,
Jungha,Daybreak,Creature - Jungle Stalker,Paradwyn,4,,
Jungle Agovo,Daybreak,Creature,Paradwyn,4,,
Minani,Daybreak,Creature - Jungle Stalker,Paradwyn,3,,
Orange Stuff,Daybreak,Creature,Paradwyn,2,,
Toxic Heppeswip,Daybreak,Creature,Paradwyn,2,,
Tropical Sarazen,Daybreak,Creature,Paradwyn,8,,
Boris Alt,Daybreak,Magi - Keeper,Paradwyn,14,,
Lilia,Daybreak,Magi,Paradwyn,15,,
Janx Pendant,Daybreak,Relic,Paradwyn,1,,
Pok's Circlet,Daybreak,Relic,Paradwyn,1,,
Scarletsong Anthem,Daybreak,Spell,Paradwyn,3,,
Cave Plith,Daybreak,Creature,Underneath,3,,
Crystal Brub,Daybreak,Creature,Underneath,3,,
Menao,Daybreak,Creature,Underneath,4,,
Mushroom Sareb,Daybreak,Creature,Underneath,3,,
Spiked Parmalag,Daybreak,Creature,Underneath,2,,
Gavik,Daybreak,Magi,Underneath,10,,
Trug Engineer,Daybreak,Magi,Underneath,14,,
Crystal Ring,Daybreak,Relic,Underneath,2,,
Ombor Brooch,Daybreak,Relic,Underneath,3,,
Staff of Fungus,Daybreak,Relic,Underneath,1,,
Sinkhole,Daybreak,Spell,Underneath,3,,
Inhibitor Cloak,Daybreak,Relic,Universal,1,,
Resistance Orb,Daybreak,Relic,Universal,2,,
Scales of Justice,Daybreak,Relic - Eliwan Artiface,Universal,3,,
Gamble,Daybreak,Spell,Universal,2,,
Repossess,Daybreak,Spell,Universal,3,,
Unity,Daybreak,Spell,Universal,3,,
Bulb Trulb,Daybreak,Creature,Weave,4,,
Grass Plith,Daybreak,Creature,Weave,1,,
Quikket,Daybreak,Creature,Weave,2,,
Uwaru,Daybreak,Creature,Weave,4,,
Weave Ergar,Daybreak,Creature,Weave,4,,
Ninx,Daybreak,Magi - Alternate,Weave,12,,
Weave Armor,Daybreak,Relic,Weave,2,,
Embrace the Weave,Daybreak,Spell,Weave,1,,
Fight or Flight,Daybreak,Spell,Weave,3,,
Glow Grass,Daybreak,Spell,Weave,2,,
Reinforce,Daybreak,Spell,Weave,3,,
Surge,Daybreak,Spell,Weave,X+2,,